date,hour,temperature
01.01.2025,0,-9.9
01.01.2025,1,-6.9
01.01.2025,2,-6.8
01.01.2025,3,-3.2
01.01.2025,4,-3.5
01.01.2025,5,-5.4
01.01.2025,6,0.6
01.01.2025,7,0.7
01.01.2025,8,2.9
01.01.2025,9,2.4
01.01.2025,10,4.9
01.01.2025,11,6.1
01.01.2025,12,4.3
01.01.2025,13,6.1
01.01.2025,14,4.6
01.01.2025,15,2.4
01.01.2025,16,1.3
01.01.2025,17,0.1
01.01.2025,18,-1.4
01.01.2025,19,1.3
01.01.2025,20,-4.6
01.01.2025,21,-3.6
01.01.2025,22,-4.5
01.01.2025,23,-6.8
02.01.2025,0,-12.9
02.01.2025,1,-10.5
02.01.2025,2,-10.8
02.01.2025,3,-12.9
02.01.2025,4,-9.9
02.01.2025,5,-5.3
02.01.2025,6,-7.5
02.01.2025,7,-5.3
02.01.2025,8,-4.4
02.01.2025,9,-1.3
02.01.2025,10,-2.0
02.01.2025,11,-2.7
02.01.2025,12,-2.2
02.01.2025,13,-0.9
02.01.2025,14,-2.4
02.01.2025,15,-2.0
02.01.2025,16,-1.5
02.01.2025,17,-3.8
02.01.2025,18,-8.4
02.01.2025,19,-9.9
02.01.2025,20,-7.8
02.01.2025,21,-11.8
02.01.2025,22,-9.5
02.01.2025,23,-11.2
03.01.2025,0,-7.0
03.01.2025,1,-8.9
03.01.2025,2,-8.3
03.01.2025,3,-5.5
03.01.2025,4,-4.4
03.01.2025,5,-1.8
03.01.2025,6,-2.2
03.01.2025,7,-1.9
03.01.2025,8,1.0
03.01.2025,9,2.6
03.01.2025,10,4.9
03.01.2025,11,5.1
03.01.2025,12,6.5
03.01.2025,13,2.9
03.01.2025,14,-0.2
03.01.2025,15,4.0
03.01.2025,16,1.5
03.01.2025,17,-0.2
03.01.2025,18,-2.7
03.01.2025,19,-4.8
03.01.2025,20,-3.4
03.01.2025,21,-6.1
03.01.2025,22,-7.6
03.01.2025,23,-11.1
04.01.2025,0,-12.2
04.01.2025,1,-11.7
04.01.2025,2,-11.4
04.01.2025,3,-10.1
04.01.2025,4,-7.0
04.01.2025,5,-5.2
04.01.2025,6,-5.2
04.01.2025,7,-3.6
04.01.2025,8,-1.3
04.01.2025,9,1.1
04.01.2025,10,1.3
04.01.2025,11,-0.1
04.01.2025,12,0.5
04.01.2025,13,-1.3
04.01.2025,14,-1.2
04.01.2025,15,-3.6
04.01.2025,16,-3.1
04.01.2025,17,-6.0
04.01.2025,18,-5.9
04.01.2025,19,-6.7
04.01.2025,20,-10.7
04.01.2025,21,-11.3
04.01.2025,22,-10.6
04.01.2025,23,-12.1
05.01.2025,0,-9.6
05.01.2025,1,-8.2
05.01.2025,2,-8.8
05.01.2025,3,-7.8
05.01.2025,4,-6.4
05.01.2025,5,-3.7
05.01.2025,6,-2.0
05.01.2025,7,-0.7
05.01.2025,8,-0.5
05.01.2025,9,5.1
05.01.2025,10,6.3
05.01.2025,11,1.1
05.01.2025,12,5.3
05.01.2025,13,0.8
05.01.2025,14,4.4
05.01.2025,15,1.3
05.01.2025,16,1.2
05.01.2025,17,-0.3
05.01.2025,18,-2.9
05.01.2025,19,-2.9
05.01.2025,20,-3.9
05.01.2025,21,-9.3
05.01.2025,22,-10.7
05.01.2025,23,-9.0
06.01.2025,0,-14.1
06.01.2025,1,-13.6
06.01.2025,2,-12.3
06.01.2025,3,-14.2
06.01.2025,4,-11.7
06.01.2025,5,-6.4
06.01.2025,6,-8.2
06.01.2025,7,-5.6
06.01.2025,8,-3.8
06.01.2025,9,-3.5
06.01.2025,10,-3.4
06.01.2025,11,2.1
06.01.2025,12,-1.7
06.01.2025,13,-0.1
06.01.2025,14,-3.3
06.01.2025,15,-5.0
06.01.2025,16,-5.7
06.01.2025,17,-7.4
06.01.2025,18,-7.1
06.01.2025,19,-12.7
06.01.2025,20,-10.5
06.01.2025,21,-12.4
06.01.2025,22,-12.8
06.01.2025,23,-13.8
07.01.2025,0,-5.7
07.01.2025,1,-3.5
07.01.2025,2,-4.5
07.01.2025,3,-3.5
07.01.2025,4,-2.3
07.01.2025,5,-2.1
07.01.2025,6,-1.1
07.01.2025,7,0.4
07.01.2025,8,2.4
07.01.2025,9,4.0
07.01.2025,10,3.8
07.01.2025,11,6.5
07.01.2025,12,6.7
07.01.2025,13,6.7
07.01.2025,14,5.5
07.01.2025,15,2.8
07.01.2025,16,3.0
07.01.2025,17,-0.2
07.01.2025,18,-0.3
07.01.2025,19,-0.1
07.01.2025,20,-5.0
07.01.2025,21,-5.5
07.01.2025,22,-6.6
07.01.2025,23,-7.5
08.01.2025,0,-0.4
08.01.2025,1,-1.8
08.01.2025,2,-2.6
08.01.2025,3,-3.2
08.01.2025,4,-2.2
08.01.2025,5,1.5
08.01.2025,6,3.8
08.01.2025,7,5.5
08.01.2025,8,8.5
08.01.2025,9,8.6
08.01.2025,10,8.0
08.01.2025,11,12.8
08.01.2025,12,9.3
08.01.2025,13,10.7
08.01.2025,14,7.9
08.01.2025,15,7.5
08.01.2025,16,5.3
08.01.2025,17,4.3
08.01.2025,18,3.6
08.01.2025,19,4.6
08.01.2025,20,1.6
08.01.2025,21,0.7
08.01.2025,22,-6.2
08.01.2025,23,-3.1
09.01.2025,0,-8.4
09.01.2025,1,-12.8
09.01.2025,2,-8.4
09.01.2025,3,-9.3
09.01.2025,4,-5.9
09.01.2025,5,-4.2
09.01.2025,6,-5.5
09.01.2025,7,-2.6
09.01.2025,8,-1.6
09.01.2025,9,-0.2
09.01.2025,10,0.8
09.01.2025,11,3.7
09.01.2025,12,4.2
09.01.2025,13,2.5
09.01.2025,14,1.5
09.01.2025,15,2.6
09.01.2025,16,-3.1
09.01.2025,17,-2.9
09.01.2025,18,-4.0
09.01.2025,19,-3.7
09.01.2025,20,-9.6
09.01.2025,21,-10.6
09.01.2025,22,-8.6
09.01.2025,23,-8.1
10.01.2025,0,-9.0
10.01.2025,1,-9.4
10.01.2025,2,-7.4
10.01.2025,3,-7.0
10.01.2025,4,-4.9
10.01.2025,5,-6.2
10.01.2025,6,-3.3
10.01.2025,7,-5.9
10.01.2025,8,-1.9
10.01.2025,9,1.8
10.01.2025,10,2.2
10.01.2025,11,2.0
10.01.2025,12,2.1
10.01.2025,13,0.5
10.01.2025,14,3.3
10.01.2025,15,-1.0
10.01.2025,16,-1.2
10.01.2025,17,-3.2
10.01.2025,18,-4.0
10.01.2025,19,-4.2
10.01.2025,20,-4.2
10.01.2025,21,-7.8
10.01.2025,22,-7.1
10.01.2025,23,-9.0
11.01.2025,0,-0.2
11.01.2025,1,-2.5
11.01.2025,2,-1.9
11.01.2025,3,-1.3
11.01.2025,4,-0.5
11.01.2025,5,2.3
11.01.2025,6,4.7
11.01.2025,7,5.7
11.01.2025,8,5.9
11.01.2025,9,7.4
11.01.2025,10,7.8
11.01.2025,11,11.5
11.01.2025,12,9.2
11.01.2025,13,5.1
11.01.2025,14,9.8
11.01.2025,15,10.6
11.01.2025,16,6.4
11.01.2025,17,4.6
11.01.2025,18,6.2
11.01.2025,19,2.4
11.01.2025,20,0.0
11.01.2025,21,0.0
11.01.2025,22,-0.4
11.01.2025,23,-5.2
12.01.2025,0,-14.3
12.01.2025,1,-14.3
12.01.2025,2,-12.0
12.01.2025,3,-15.8
12.01.2025,4,-10.8
12.01.2025,5,-9.8
12.01.2025,6,-11.5
12.01.2025,7,-5.8
12.01.2025,8,-6.4
12.01.2025,9,-5.0
12.01.2025,10,-2.8
12.01.2025,11,-3.0
12.01.2025,12,-3.0
12.01.2025,13,-4.5
12.01.2025,14,-5.8
12.01.2025,15,-6.6
12.01.2025,16,-6.3
12.01.2025,17,-8.1
12.01.2025,18,-8.8
12.01.2025,19,-10.3
12.01.2025,20,-13.6
12.01.2025,21,-13.0
12.01.2025,22,-15.2
12.01.2025,23,-14.4
13.01.2025,0,-7.4
13.01.2025,1,-7.2
13.01.2025,2,-6.8
13.01.2025,3,-5.2
13.01.2025,4,-2.3
13.01.2025,5,-5.6
13.01.2025,6,-0.7
13.01.2025,7,2.5
13.01.2025,8,3.6
13.01.2025,9,4.2
13.01.2025,10,4.7
13.01.2025,11,4.7
13.01.2025,12,5.3
13.01.2025,13,2.5
13.01.2025,14,3.9
13.01.2025,15,1.5
13.01.2025,16,0.9
13.01.2025,17,1.4
13.01.2025,18,-1.8
13.01.2025,19,-4.5
13.01.2025,20,-5.6
13.01.2025,21,-3.6
13.01.2025,22,-7.0
13.01.2025,23,-5.5
14.01.2025,0,-3.2
14.01.2025,1,-0.4
14.01.2025,2,-5.3
14.01.2025,3,-4.2
14.01.2025,4,-2.6
14.01.2025,5,-0.9
14.01.2025,6,0.8
14.01.2025,7,-0.6
14.01.2025,8,4.7
14.01.2025,9,3.8
14.01.2025,10,7.7
14.01.2025,11,5.9
14.01.2025,12,8.4
14.01.2025,13,5.5
14.01.2025,14,7.4
14.01.2025,15,3.9
14.01.2025,16,2.9
14.01.2025,17,1.4
14.01.2025,18,1.8
14.01.2025,19,1.3
14.01.2025,20,-3.0
14.01.2025,21,-2.8
14.01.2025,22,-4.5
14.01.2025,23,-5.0
15.01.2025,0,-7.9
15.01.2025,1,-9.6
15.01.2025,2,-8.9
15.01.2025,3,-7.4
15.01.2025,4,-7.2
15.01.2025,5,-6.0
15.01.2025,6,-4.8
15.01.2025,7,-3.3
15.01.2025,8,-0.6
15.01.2025,9,0.4
15.01.2025,10,2.5
15.01.2025,11,1.6
15.01.2025,12,1.4
15.01.2025,13,-0.2
15.01.2025,14,3.6
15.01.2025,15,0.2
15.01.2025,16,0.4
15.01.2025,17,-3.4
15.01.2025,18,-6.5
15.01.2025,19,-6.4
15.01.2025,20,-5.8
15.01.2025,21,-6.9
15.01.2025,22,-9.5
15.01.2025,23,-8.7
16.01.2025,0,-14.3
16.01.2025,1,-10.7
16.01.2025,2,-10.5
16.01.2025,3,-11.8
16.01.2025,4,-7.4
16.01.2025,5,-7.3
16.01.2025,6,-7.9
16.01.2025,7,-6.3
16.01.2025,8,-3.5
16.01.2025,9,-3.5
16.01.2025,10,-2.0
16.01.2025,11,1.6
16.01.2025,12,-1.8
16.01.2025,13,-0.7
16.01.2025,14,0.2
16.01.2025,15,-3.0
16.01.2025,16,-3.2
16.01.2025,17,-3.0
16.01.2025,18,-4.6
16.01.2025,19,-8.8
16.01.2025,20,-10.7
16.01.2025,21,-12.9
16.01.2025,22,-11.1
16.01.2025,23,-13.8
17.01.2025,0,-4.1
17.01.2025,1,-3.4
17.01.2025,2,-2.5
17.01.2025,3,-2.2
17.01.2025,4,0.9
17.01.2025,5,5.0
17.01.2025,6,2.8
17.01.2025,7,6.4
17.01.2025,8,6.6
17.01.2025,9,8.2
17.01.2025,10,8.1
17.01.2025,11,9.6
17.01.2025,12,11.0
17.01.2025,13,9.8
17.01.2025,14,9.6
17.01.2025,15,7.4
17.01.2025,16,7.0
17.01.2025,17,8.1
17.01.2025,18,5.6
17.01.2025,19,1.6
17.01.2025,20,0.7
17.01.2025,21,0.9
17.01.2025,22,-3.2
17.01.2025,23,-3.9
18.01.2025,0,-11.2
18.01.2025,1,-9.7
18.01.2025,2,-8.6
18.01.2025,3,-8.7
18.01.2025,4,-8.9
18.01.2025,5,-6.1
18.01.2025,6,-4.0
18.01.2025,7,-3.9
18.01.2025,8,0.9
18.01.2025,9,1.2
18.01.2025,10,-0.6
18.01.2025,11,-0.6
18.01.2025,12,1.6
18.01.2025,13,3.5
18.01.2025,14,0.1
18.01.2025,15,-0.8
18.01.2025,16,-1.1
18.01.2025,17,-3.7
18.01.2025,18,-4.4
18.01.2025,19,-3.5
18.01.2025,20,-7.6
18.01.2025,21,-9.6
18.01.2025,22,-11.1
18.01.2025,23,-8.7
19.01.2025,0,-4.9
19.01.2025,1,-4.1
19.01.2025,2,-5.3
19.01.2025,3,-4.4
19.01.2025,4,0.4
19.01.2025,5,-1.0
19.01.2025,6,0.5
19.01.2025,7,4.7
19.01.2025,8,4.5
19.01.2025,9,6.5
19.01.2025,10,6.4
19.01.2025,11,7.1
19.01.2025,12,8.5
19.01.2025,13,8.5
19.01.2025,14,6.8
19.01.2025,15,4.3
19.01.2025,16,4.0
19.01.2025,17,2.9
19.01.2025,18,0.3
19.01.2025,19,-0.4
19.01.2025,20,-2.8
19.01.2025,21,-3.6
19.01.2025,22,-3.3
19.01.2025,23,-6.2
20.01.2025,0,-10.6
20.01.2025,1,-9.9
20.01.2025,2,-10.2
20.01.2025,3,-7.7
20.01.2025,4,-6.1
20.01.2025,5,-5.6
20.01.2025,6,-3.7
20.01.2025,7,-4.1
20.01.2025,8,-1.0
20.01.2025,9,1.9
20.01.2025,10,3.3
20.01.2025,11,0.9
20.01.2025,12,1.9
20.01.2025,13,1.4
20.01.2025,14,3.7
20.01.2025,15,-1.2
20.01.2025,16,-1.0
20.01.2025,17,-1.4
20.01.2025,18,-0.1
20.01.2025,19,-5.1
20.01.2025,20,-6.5
20.01.2025,21,-6.1
20.01.2025,22,-10.2
20.01.2025,23,-11.3
21.01.2025,0,-10.6
21.01.2025,1,-8.0
21.01.2025,2,-5.9
21.01.2025,3,-5.9
21.01.2025,4,-5.9
21.01.2025,5,-6.3
21.01.2025,6,0.2
21.01.2025,7,-2.4
21.01.2025,8,-1.2
21.01.2025,9,2.0
21.01.2025,10,2.9
21.01.2025,11,1.7
21.01.2025,12,4.3
21.01.2025,13,2.5
21.01.2025,14,4.6
21.01.2025,15,3.1
21.01.2025,16,-1.0
21.01.2025,17,-1.4
21.01.2025,18,-0.3
21.01.2025,19,-5.0
21.01.2025,20,-5.1
21.01.2025,21,-9.3
21.01.2025,22,-7.6
21.01.2025,23,-8.7
22.01.2025,0,-8.4
22.01.2025,1,-8.2
22.01.2025,2,-11.4
22.01.2025,3,-4.9
22.01.2025,4,-9.3
22.01.2025,5,-5.5
22.01.2025,6,-3.1
22.01.2025,7,-1.3
22.01.2025,8,1.0
22.01.2025,9,3.7
22.01.2025,10,0.3
22.01.2025,11,1.6
22.01.2025,12,5.5
22.01.2025,13,1.7
22.01.2025,14,2.7
22.01.2025,15,-1.4
22.01.2025,16,1.3
22.01.2025,17,-4.2
22.01.2025,18,-3.6
22.01.2025,19,-7.5
22.01.2025,20,-5.8
22.01.2025,21,-7.5
22.01.2025,22,-8.9
22.01.2025,23,-8.4
23.01.2025,0,-14.8
23.01.2025,1,-12.7
23.01.2025,2,-11.6
23.01.2025,3,-11.8
23.01.2025,4,-11.6
23.01.2025,5,-10.9
23.01.2025,6,-9.4
23.01.2025,7,-1.4
23.01.2025,8,-5.0
23.01.2025,9,-2.8
23.01.2025,10,-5.0
23.01.2025,11,-2.2
23.01.2025,12,-1.4
23.01.2025,13,-0.5
23.01.2025,14,-1.5
23.01.2025,15,-4.3
23.01.2025,16,-3.4
23.01.2025,17,-5.6
23.01.2025,18,-8.2
23.01.2025,19,-9.2
23.01.2025,20,-7.1
23.01.2025,21,-11.9
23.01.2025,22,-13.5
23.01.2025,23,-14.2
24.01.2025,0,-10.8
24.01.2025,1,-9.7
24.01.2025,2,-8.8
24.01.2025,3,-8.6
24.01.2025,4,-8.3
24.01.2025,5,-6.5
24.01.2025,6,-3.6
24.01.2025,7,-2.1
24.01.2025,8,-0.2
24.01.2025,9,-0.5
24.01.2025,10,0.1
24.01.2025,11,0.1
24.01.2025,12,0.1
24.01.2025,13,2.6
24.01.2025,14,-0.2
24.01.2025,15,-0.8
24.01.2025,16,-0.4
24.01.2025,17,-2.6
24.01.2025,18,-4.4
24.01.2025,19,-5.1
24.01.2025,20,-6.6
24.01.2025,21,-9.4
24.01.2025,22,-9.7
24.01.2025,23,-9.0
25.01.2025,0,-8.9
25.01.2025,1,-8.5
25.01.2025,2,-11.5
25.01.2025,3,-8.9
25.01.2025,4,-5.8
25.01.2025,5,-4.8
25.01.2025,6,-0.7
25.01.2025,7,-2.8
25.01.2025,8,1.9
25.01.2025,9,2.0
25.01.2025,10,2.2
25.01.2025,11,2.2
25.01.2025,12,1.1
25.01.2025,13,0.9
25.01.2025,14,3.2
25.01.2025,15,2.0
25.01.2025,16,0.6
25.01.2025,17,-0.4
25.01.2025,18,-3.4
25.01.2025,19,-5.6
25.01.2025,20,-4.1
25.01.2025,21,-7.2
25.01.2025,22,-7.5
25.01.2025,23,-10.1
26.01.2025,0,-11.9
26.01.2025,1,-10.0
26.01.2025,2,-11.2
26.01.2025,3,-13.4
26.01.2025,4,-8.4
26.01.2025,5,-9.7
26.01.2025,6,-5.4
26.01.2025,7,-3.8
26.01.2025,8,-2.3
26.01.2025,9,-1.8
26.01.2025,10,0.3
26.01.2025,11,-0.6
26.01.2025,12,-2.2
26.01.2025,13,0.9
26.01.2025,14,-2.1
26.01.2025,15,1.0
26.01.2025,16,-2.1
26.01.2025,17,-5.0
26.01.2025,18,-4.4
26.01.2025,19,-8.6
26.01.2025,20,-10.4
26.01.2025,21,-8.5
26.01.2025,22,-13.6
26.01.2025,23,-13.4
27.01.2025,0,-8.1
27.01.2025,1,-9.0
27.01.2025,2,-7.8
27.01.2025,3,-5.6
27.01.2025,4,-6.9
27.01.2025,5,-8.0
27.01.2025,6,-2.9
27.01.2025,7,-1.3
27.01.2025,8,-2.0
27.01.2025,9,3.0
27.01.2025,10,0.8
27.01.2025,11,3.3
27.01.2025,12,1.2
27.01.2025,13,3.9
27.01.2025,14,5.5
27.01.2025,15,2.5
27.01.2025,16,-2.0
27.01.2025,17,-1.7
27.01.2025,18,-0.9
27.01.2025,19,-4.6
27.01.2025,20,-5.7
27.01.2025,21,-8.8
27.01.2025,22,-6.9
27.01.2025,23,-8.2
28.01.2025,0,-1.7
28.01.2025,1,-0.8
28.01.2025,2,-3.7
28.01.2025,3,0.1
28.01.2025,4,0.6
28.01.2025,5,-1.2
28.01.2025,6,0.2
28.01.2025,7,4.3
28.01.2025,8,2.6
28.01.2025,9,7.3
28.01.2025,10,9.1
28.01.2025,11,9.6
28.01.2025,12,12.2
28.01.2025,13,8.4
28.01.2025,14,6.2
28.01.2025,15,8.3
28.01.2025,16,4.7
28.01.2025,17,1.9
28.01.2025,18,4.6
28.01.2025,19,2.7
28.01.2025,20,1.9
28.01.2025,21,-2.4
28.01.2025,22,-3.4
28.01.2025,23,-3.4
29.01.2025,0,-15.8
29.01.2025,1,-15.6
29.01.2025,2,-12.2
29.01.2025,3,-13.6
29.01.2025,4,-9.2
29.01.2025,5,-11.7
29.01.2025,6,-10.8
29.01.2025,7,-5.2
29.01.2025,8,-8.6
29.01.2025,9,-5.9
29.01.2025,10,-5.0
29.01.2025,11,-4.5
29.01.2025,12,-1.9
29.01.2025,13,-3.2
29.01.2025,14,-2.5
29.01.2025,15,-4.7
29.01.2025,16,-7.8
29.01.2025,17,-7.4
29.01.2025,18,-9.8
29.01.2025,19,-13.0
29.01.2025,20,-13.9
29.01.2025,21,-13.0
29.01.2025,22,-14.6
29.01.2025,23,-13.9
30.01.2025,0,-1.5
30.01.2025,1,-3.5
30.01.2025,2,-3.0
30.01.2025,3,-1.2
30.01.2025,4,2.6
30.01.2025,5,0.3
30.01.2025,6,2.9
30.01.2025,7,5.8
30.01.2025,8,5.0
30.01.2025,9,8.3
30.01.2025,10,9.7
30.01.2025,11,7.8
30.01.2025,12,5.7
30.01.2025,13,9.3
30.01.2025,14,5.6
30.01.2025,15,5.4
30.01.2025,16,7.0
30.01.2025,17,5.8
30.01.2025,18,2.4
30.01.2025,19,2.6
30.01.2025,20,0.7
30.01.2025,21,-2.0
30.01.2025,22,-0.6
30.01.2025,23,-2.3
31.01.2025,0,-9.1
31.01.2025,1,-5.0
31.01.2025,2,-6.9
31.01.2025,3,-6.9
31.01.2025,4,-5.0
31.01.2025,5,-3.3
31.01.2025,6,-1.4
31.01.2025,7,0.3
31.01.2025,8,2.3
31.01.2025,9,4.1
31.01.2025,10,5.8
31.01.2025,11,6.1
31.01.2025,12,8.0
31.01.2025,13,7.4
31.01.2025,14,5.4
31.01.2025,15,4.0
31.01.2025,16,3.6
31.01.2025,17,1.9
31.01.2025,18,-0.3
31.01.2025,19,-1.9
31.01.2025,20,-5.4
31.01.2025,21,-4.5
31.01.2025,22,-4.7
31.01.2025,23,-7.7
01.02.2025,0,-7.5
01.02.2025,1,-5.0
01.02.2025,2,-10.7
01.02.2025,3,-4.5
01.02.2025,4,-8.0
01.02.2025,5,-2.8
01.02.2025,6,-0.9
01.02.2025,7,1.4
01.02.2025,8,0.5
01.02.2025,9,6.3
01.02.2025,10,-0.7
01.02.2025,11,3.0
01.02.2025,12,5.0
01.02.2025,13,3.4
01.02.2025,14,3.2
01.02.2025,15,1.7
01.02.2025,16,2.4
01.02.2025,17,-0.9
01.02.2025,18,-1.5
01.02.2025,19,-3.2
01.02.2025,20,-7.1
01.02.2025,21,-5.5
01.02.2025,22,-10.3
01.02.2025,23,-8.8
02.02.2025,0,-0.9
02.02.2025,1,-3.6
02.02.2025,2,-4.6
02.02.2025,3,-3.1
02.02.2025,4,0.2
02.02.2025,5,-0.7
02.02.2025,6,3.7
02.02.2025,7,3.7
02.02.2025,8,2.8
02.02.2025,9,10.0
02.02.2025,10,10.5
02.02.2025,11,7.9
02.02.2025,12,8.6
02.02.2025,13,11.3
02.02.2025,14,6.4
02.02.2025,15,8.4
02.02.2025,16,6.2
02.02.2025,17,6.5
02.02.2025,18,2.9
02.02.2025,19,-1.0
02.02.2025,20,-2.2
02.02.2025,21,-2.8
02.02.2025,22,-2.4
02.02.2025,23,-5.1
03.02.2025,0,-9.4
03.02.2025,1,-7.6
03.02.2025,2,-9.6
03.02.2025,3,-9.2
03.02.2025,4,-3.5
03.02.2025,5,-5.2
03.02.2025,6,-4.2
03.02.2025,7,-1.0
03.02.2025,8,0.2
03.02.2025,9,0.7
03.02.2025,10,0.9
03.02.2025,11,3.4
03.02.2025,12,3.7
03.02.2025,13,1.7
03.02.2025,14,1.7
03.02.2025,15,-1.0
03.02.2025,16,-0.4
03.02.2025,17,0.2
03.02.2025,18,-0.9
03.02.2025,19,-4.8
03.02.2025,20,-5.2
03.02.2025,21,-7.3
03.02.2025,22,-8.3
03.02.2025,23,-8.7
04.02.2025,0,-8.0
04.02.2025,1,-4.7
04.02.2025,2,-6.6
04.02.2025,3,-4.6
04.02.2025,4,-4.9
04.02.2025,5,-1.7
04.02.2025,6,-0.4
04.02.2025,7,-1.2
04.02.2025,8,2.7
04.02.2025,9,2.5
04.02.2025,10,6.9
04.02.2025,11,4.0
04.02.2025,12,5.5
04.02.2025,13,4.7
04.02.2025,14,8.3
04.02.2025,15,1.8
04.02.2025,16,1.4
04.02.2025,17,-1.1
04.02.2025,18,0.2
04.02.2025,19,-2.5
04.02.2025,20,-2.9
04.02.2025,21,-2.8
04.02.2025,22,-7.0
04.02.2025,23,-6.2
05.02.2025,0,-4.4
05.02.2025,1,-3.6
05.02.2025,2,-4.0
05.02.2025,3,-1.3
05.02.2025,4,0.8
05.02.2025,5,-1.3
05.02.2025,6,1.9
05.02.2025,7,4.1
05.02.2025,8,1.4
05.02.2025,9,5.3
05.02.2025,10,8.4
05.02.2025,11,9.4
05.02.2025,12,3.6
05.02.2025,13,4.8
05.02.2025,14,4.7
05.02.2025,15,8.2
05.02.2025,16,3.8
05.02.2025,17,1.2
05.02.2025,18,-0.8
05.02.2025,19,-1.4
05.02.2025,20,0.9
05.02.2025,21,-3.5
05.02.2025,22,-2.3
05.02.2025,23,-3.4
06.02.2025,0,-10.7
06.02.2025,1,-5.1
06.02.2025,2,-7.8
06.02.2025,3,-5.6
06.02.2025,4,-6.0
06.02.2025,5,-2.9
06.02.2025,6,-0.8
06.02.2025,7,-2.6
06.02.2025,8,1.7
06.02.2025,9,-0.3
06.02.2025,10,5.5
06.02.2025,11,2.8
06.02.2025,12,4.6
06.02.2025,13,1.9
06.02.2025,14,5.0
06.02.2025,15,-0.9
06.02.2025,16,1.5
06.02.2025,17,2.4
06.02.2025,18,-0.5
06.02.2025,19,-6.1
06.02.2025,20,-2.1
06.02.2025,21,-7.5
06.02.2025,22,-7.0
06.02.2025,23,-6.5
07.02.2025,0,-5.5
07.02.2025,1,-9.1
07.02.2025,2,-6.7
07.02.2025,3,-5.9
07.02.2025,4,-5.0
07.02.2025,5,-3.4
07.02.2025,6,-0.0
07.02.2025,7,-1.7
07.02.2025,8,3.4
07.02.2025,9,1.7
07.02.2025,10,5.1
07.02.2025,11,8.0
07.02.2025,12,4.6
07.02.2025,13,5.4
07.02.2025,14,3.3
07.02.2025,15,5.3
07.02.2025,16,4.1
07.02.2025,17,1.8
07.02.2025,18,-1.3
07.02.2025,19,-3.6
07.02.2025,20,-3.2
07.02.2025,21,-6.0
07.02.2025,22,-8.4
07.02.2025,23,-4.8
08.02.2025,0,-4.6
08.02.2025,1,-6.5
08.02.2025,2,-4.7
08.02.2025,3,-3.2
08.02.2025,4,-3.5
08.02.2025,5,-2.5
08.02.2025,6,0.9
08.02.2025,7,1.4
08.02.2025,8,1.8
08.02.2025,9,4.4
08.02.2025,10,3.3
08.02.2025,11,5.0
08.02.2025,12,6.2
08.02.2025,13,5.1
08.02.2025,14,3.2
08.02.2025,15,5.2
08.02.2025,16,3.1
08.02.2025,17,2.4
08.02.2025,18,0.8
08.02.2025,19,-1.7
08.02.2025,20,-2.2
08.02.2025,21,-5.9
08.02.2025,22,-4.0
08.02.2025,23,-6.7
09.02.2025,0,-8.3
09.02.2025,1,-6.4
09.02.2025,2,-10.2
09.02.2025,3,-7.0
09.02.2025,4,-5.8
09.02.2025,5,-4.7
09.02.2025,6,-1.3
09.02.2025,7,-0.7
09.02.2025,8,0.2
09.02.2025,9,-0.2
09.02.2025,10,2.9
09.02.2025,11,4.4
09.02.2025,12,4.9
09.02.2025,13,4.9
09.02.2025,14,2.4
09.02.2025,15,2.3
09.02.2025,16,0.2
09.02.2025,17,-1.2
09.02.2025,18,-1.1
09.02.2025,19,-3.7
09.02.2025,20,-4.5
09.02.2025,21,-5.0
09.02.2025,22,-5.5
09.02.2025,23,-9.8
10.02.2025,0,-10.6
10.02.2025,1,-8.7
10.02.2025,2,-6.2
10.02.2025,3,-8.2
10.02.2025,4,-5.0
10.02.2025,5,-3.3
10.02.2025,6,-3.2
10.02.2025,7,-0.1
10.02.2025,8,1.7
10.02.2025,9,2.7
10.02.2025,10,2.5
10.02.2025,11,3.9
10.02.2025,12,2.8
10.02.2025,13,2.8
10.02.2025,14,4.6
10.02.2025,15,3.7
10.02.2025,16,-1.8
10.02.2025,17,0.2
10.02.2025,18,-5.1
10.02.2025,19,-3.3
10.02.2025,20,-5.9
10.02.2025,21,-9.8
10.02.2025,22,-4.5
10.02.2025,23,-7.0
11.02.2025,0,-7.8
11.02.2025,1,-7.2
11.02.2025,2,-1.4
11.02.2025,3,-2.7
11.02.2025,4,-3.0
11.02.2025,5,-1.3
11.02.2025,6,-0.1
11.02.2025,7,-0.7
11.02.2025,8,5.5
11.02.2025,9,3.7
11.02.2025,10,5.1
11.02.2025,11,7.0
11.02.2025,12,2.5
11.02.2025,13,5.5
11.02.2025,14,2.9
11.02.2025,15,5.8
11.02.2025,16,2.1
11.02.2025,17,-1.4
11.02.2025,18,-1.4
11.02.2025,19,-3.1
11.02.2025,20,-2.8
11.02.2025,21,-3.2
11.02.2025,22,-4.0
11.02.2025,23,-7.3
12.02.2025,0,-11.8
12.02.2025,1,-9.5
12.02.2025,2,-11.6
12.02.2025,3,-8.7
12.02.2025,4,-8.6
12.02.2025,5,-6.1
12.02.2025,6,-7.1
12.02.2025,7,-4.1
12.02.2025,8,-5.1
12.02.2025,9,-3.9
12.02.2025,10,-0.7
12.02.2025,11,-1.8
12.02.2025,12,2.4
12.02.2025,13,1.8
12.02.2025,14,0.2
12.02.2025,15,-0.6
12.02.2025,16,-3.0
12.02.2025,17,-3.0
12.02.2025,18,-8.5
12.02.2025,19,-5.9
12.02.2025,20,-10.3
12.02.2025,21,-8.7
12.02.2025,22,-9.3
12.02.2025,23,-10.5
13.02.2025,0,-7.2
13.02.2025,1,-2.4
13.02.2025,2,-3.6
13.02.2025,3,-0.4
13.02.2025,4,-1.7
13.02.2025,5,-1.1
13.02.2025,6,0.7
13.02.2025,7,2.3
13.02.2025,8,2.2
13.02.2025,9,6.2
13.02.2025,10,5.5
13.02.2025,11,7.8
13.02.2025,12,8.9
13.02.2025,13,8.1
13.02.2025,14,6.1
13.02.2025,15,6.3
13.02.2025,16,2.0
13.02.2025,17,4.8
13.02.2025,18,2.0
13.02.2025,19,0.1
13.02.2025,20,-2.9
13.02.2025,21,-1.4
13.02.2025,22,-5.8
13.02.2025,23,-5.9
14.02.2025,0,-13.2
14.02.2025,1,-15.9
14.02.2025,2,-14.2
14.02.2025,3,-13.4
14.02.2025,4,-11.2
14.02.2025,5,-12.0
14.02.2025,6,-9.7
14.02.2025,7,-9.2
14.02.2025,8,-5.6
14.02.2025,9,-3.0
14.02.2025,10,-5.1
14.02.2025,11,-4.4
14.02.2025,12,-5.5
14.02.2025,13,-2.3
14.02.2025,14,-3.6
14.02.2025,15,-6.1
14.02.2025,16,-6.5
14.02.2025,17,-8.5
14.02.2025,18,-9.1
14.02.2025,19,-9.6
14.02.2025,20,-13.1
14.02.2025,21,-16.7
14.02.2025,22,-15.3
14.02.2025,23,-15.7
15.02.2025,0,-3.8
15.02.2025,1,-5.7
15.02.2025,2,-4.5
15.02.2025,3,-3.3
15.02.2025,4,-1.8
15.02.2025,5,-0.8
15.02.2025,6,0.0
15.02.2025,7,-1.0
15.02.2025,8,0.5
15.02.2025,9,2.7
15.02.2025,10,3.2
15.02.2025,11,6.8
15.02.2025,12,5.9
15.02.2025,13,6.0
15.02.2025,14,4.7
15.02.2025,15,3.0
15.02.2025,16,-1.3
15.02.2025,17,0.6
15.02.2025,18,3.7
15.02.2025,19,-2.5
15.02.2025,20,-4.9
15.02.2025,21,-8.0
15.02.2025,22,-5.9
15.02.2025,23,-7.4
16.02.2025,0,-10.4
16.02.2025,1,-10.5
16.02.2025,2,-8.0
16.02.2025,3,-8.6
16.02.2025,4,-6.0
16.02.2025,5,-6.2
16.02.2025,6,-4.6
16.02.2025,7,-1.9
16.02.2025,8,2.9
16.02.2025,9,2.1
16.02.2025,10,2.5
16.02.2025,11,0.9
16.02.2025,12,1.5
16.02.2025,13,1.8
16.02.2025,14,3.8
16.02.2025,15,3.1
16.02.2025,16,-0.1
16.02.2025,17,-0.0
16.02.2025,18,-2.9
16.02.2025,19,-3.9
16.02.2025,20,-5.9
16.02.2025,21,-9.3
16.02.2025,22,-8.6
16.02.2025,23,-10.4
17.02.2025,0,-3.9
17.02.2025,1,-3.2
17.02.2025,2,-3.8
17.02.2025,3,-3.9
17.02.2025,4,-0.1
17.02.2025,5,0.8
17.02.2025,6,0.4
17.02.2025,7,4.3
17.02.2025,8,3.7
17.02.2025,9,4.5
17.02.2025,10,7.0
17.02.2025,11,6.6
17.02.2025,12,9.6
17.02.2025,13,9.8
17.02.2025,14,9.2
17.02.2025,15,7.8
17.02.2025,16,4.1
17.02.2025,17,4.5
17.02.2025,18,1.1
17.02.2025,19,1.3
17.02.2025,20,-1.9
17.02.2025,21,-2.7
17.02.2025,22,-4.7
17.02.2025,23,-6.9
18.02.2025,0,-6.9
18.02.2025,1,-9.2
18.02.2025,2,-7.3
18.02.2025,3,-7.8
18.02.2025,4,-2.0
18.02.2025,5,-3.7
18.02.2025,6,-2.6
18.02.2025,7,3.0
18.02.2025,8,1.8
18.02.2025,9,1.6
18.02.2025,10,5.6
18.02.2025,11,5.5
18.02.2025,12,3.2
18.02.2025,13,1.8
18.02.2025,14,2.2
18.02.2025,15,2.9
18.02.2025,16,-0.3
18.02.2025,17,-2.9
18.02.2025,18,-0.3
18.02.2025,19,-4.5
18.02.2025,20,-7.1
18.02.2025,21,-9.2
18.02.2025,22,-7.8
18.02.2025,23,-7.2
19.02.2025,0,-9.2
19.02.2025,1,-10.2
19.02.2025,2,-9.4
19.02.2025,3,-8.5
19.02.2025,4,-7.4
19.02.2025,5,-5.2
19.02.2025,6,-5.8
19.02.2025,7,-2.6
19.02.2025,8,-1.6
19.02.2025,9,0.5
19.02.2025,10,6.7
19.02.2025,11,0.9
19.02.2025,12,3.5
19.02.2025,13,2.1
19.02.2025,14,0.0
19.02.2025,15,-1.6
19.02.2025,16,-0.3
19.02.2025,17,-3.1
19.02.2025,18,-4.7
19.02.2025,19,-4.8
19.02.2025,20,-7.9
19.02.2025,21,-7.8
19.02.2025,22,-10.2
19.02.2025,23,-10.5
20.02.2025,0,-14.7
20.02.2025,1,-14.7
20.02.2025,2,-13.6
20.02.2025,3,-11.3
20.02.2025,4,-9.9
20.02.2025,5,-10.9
20.02.2025,6,-7.2
20.02.2025,7,-5.2
20.02.2025,8,-2.4
20.02.2025,9,-3.1
20.02.2025,10,-2.1
20.02.2025,11,-2.5
20.02.2025,12,-0.2
20.02.2025,13,-2.9
20.02.2025,14,-4.0
20.02.2025,15,-1.8
20.02.2025,16,-5.5
20.02.2025,17,-5.2
20.02.2025,18,-7.5
20.02.2025,19,-10.0
20.02.2025,20,-10.0
20.02.2025,21,-10.2
20.02.2025,22,-12.7
20.02.2025,23,-13.9
21.02.2025,0,-8.6
21.02.2025,1,-7.9
21.02.2025,2,-9.0
21.02.2025,3,-8.1
21.02.2025,4,-5.7
21.02.2025,5,-5.3
21.02.2025,6,-6.9
21.02.2025,7,-4.9
21.02.2025,8,0.6
21.02.2025,9,1.1
21.02.2025,10,-0.3
21.02.2025,11,0.9
21.02.2025,12,1.7
21.02.2025,13,3.6
21.02.2025,14,1.3
21.02.2025,15,0.4
21.02.2025,16,1.4
21.02.2025,17,-2.3
21.02.2025,18,-4.4
21.02.2025,19,-5.7
21.02.2025,20,-3.4
21.02.2025,21,-8.5
21.02.2025,22,-11.9
21.02.2025,23,-11.1
22.02.2025,0,-16.6
22.02.2025,1,-16.3
22.02.2025,2,-18.1
22.02.2025,3,-13.0
22.02.2025,4,-12.9
22.02.2025,5,-14.3
22.02.2025,6,-6.0
22.02.2025,7,-6.8
22.02.2025,8,-7.7
22.02.2025,9,-7.7
22.02.2025,10,-3.9
22.02.2025,11,-3.0
22.02.2025,12,-0.3
22.02.2025,13,-4.7
22.02.2025,14,-6.0
22.02.2025,15,-6.5
22.02.2025,16,-8.3
22.02.2025,17,-8.7
22.02.2025,18,-8.1
22.02.2025,19,-11.8
22.02.2025,20,-10.0
22.02.2025,21,-12.8
22.02.2025,22,-14.0
22.02.2025,23,-17.2
23.02.2025,0,-7.1
23.02.2025,1,-4.3
23.02.2025,2,-8.8
23.02.2025,3,-5.2
23.02.2025,4,-2.1
23.02.2025,5,0.5
23.02.2025,6,-2.1
23.02.2025,7,0.1
23.02.2025,8,2.8
23.02.2025,9,4.3
23.02.2025,10,5.1
23.02.2025,11,6.7
23.02.2025,12,3.5
23.02.2025,13,5.5
23.02.2025,14,5.2
23.02.2025,15,3.6
23.02.2025,16,3.8
23.02.2025,17,2.2
23.02.2025,18,1.0
23.02.2025,19,-1.3
23.02.2025,20,-1.6
23.02.2025,21,-3.9
23.02.2025,22,-6.8
23.02.2025,23,-6.6
24.02.2025,0,-2.5
24.02.2025,1,-3.0
24.02.2025,2,-3.3
24.02.2025,3,-2.9
24.02.2025,4,-0.7
24.02.2025,5,0.1
24.02.2025,6,0.1
24.02.2025,7,1.7
24.02.2025,8,6.4
24.02.2025,9,9.0
24.02.2025,10,7.7
24.02.2025,11,11.6
24.02.2025,12,7.4
24.02.2025,13,8.6
24.02.2025,14,6.5
24.02.2025,15,5.3
24.02.2025,16,5.4
24.02.2025,17,4.0
24.02.2025,18,3.2
24.02.2025,19,1.1
24.02.2025,20,3.2
24.02.2025,21,-1.4
24.02.2025,22,-1.7
24.02.2025,23,-2.9
25.02.2025,0,-0.9
25.02.2025,1,-0.5
25.02.2025,2,-1.8
25.02.2025,3,3.0
25.02.2025,4,2.0
25.02.2025,5,4.8
25.02.2025,6,6.1
25.02.2025,7,6.7
25.02.2025,8,9.1
25.02.2025,9,6.9
25.02.2025,10,11.9
25.02.2025,11,11.1
25.02.2025,12,11.5
25.02.2025,13,11.4
25.02.2025,14,8.7
25.02.2025,15,10.3
25.02.2025,16,8.1
25.02.2025,17,4.9
25.02.2025,18,4.7
25.02.2025,19,4.1
25.02.2025,20,3.9
25.02.2025,21,2.5
25.02.2025,22,1.7
25.02.2025,23,-2.8
26.02.2025,0,-12.5
26.02.2025,1,-10.9
26.02.2025,2,-10.4
26.02.2025,3,-10.8
26.02.2025,4,-7.4
26.02.2025,5,-6.0
26.02.2025,6,-6.8
26.02.2025,7,-5.1
26.02.2025,8,-3.1
26.02.2025,9,0.6
26.02.2025,10,1.4
26.02.2025,11,0.9
26.02.2025,12,1.2
26.02.2025,13,4.3
26.02.2025,14,1.9
26.02.2025,15,1.4
26.02.2025,16,-2.2
26.02.2025,17,-2.9
26.02.2025,18,-5.7
26.02.2025,19,-7.2
26.02.2025,20,-4.6
26.02.2025,21,-10.9
26.02.2025,22,-10.6
26.02.2025,23,-10.9
27.02.2025,0,-2.3
27.02.2025,1,-5.9
27.02.2025,2,-3.3
27.02.2025,3,-2.5
27.02.2025,4,-1.7
27.02.2025,5,1.3
27.02.2025,6,3.9
27.02.2025,7,5.9
27.02.2025,8,5.8
27.02.2025,9,7.6
27.02.2025,10,11.2
27.02.2025,11,8.7
27.02.2025,12,10.2
27.02.2025,13,8.0
27.02.2025,14,8.3
27.02.2025,15,7.6
27.02.2025,16,2.0
27.02.2025,17,4.4
27.02.2025,18,4.1
27.02.2025,19,1.1
27.02.2025,20,-0.6
27.02.2025,21,-3.3
27.02.2025,22,-2.9
27.02.2025,23,-4.1
28.02.2025,0,-4.9
28.02.2025,1,-3.9
28.02.2025,2,-4.1
28.02.2025,3,-5.3
28.02.2025,4,-4.3
28.02.2025,5,-0.1
28.02.2025,6,3.7
28.02.2025,7,1.8
28.02.2025,8,5.2
28.02.2025,9,4.8
28.02.2025,10,4.7
28.02.2025,11,7.1
28.02.2025,12,4.6
28.02.2025,13,5.8
28.02.2025,14,5.1
28.02.2025,15,7.0
28.02.2025,16,6.4
28.02.2025,17,3.0
28.02.2025,18,3.1
28.02.2025,19,2.8
28.02.2025,20,0.6
28.02.2025,21,-2.5
28.02.2025,22,-4.2
28.02.2025,23,-5.9
01.03.2025,0,6.4
01.03.2025,1,4.8
01.03.2025,2,6.6
01.03.2025,3,6.3
01.03.2025,4,10.5
01.03.2025,5,9.8
01.03.2025,6,14.9
01.03.2025,7,13.1
01.03.2025,8,16.9
01.03.2025,9,18.1
01.03.2025,10,20.5
01.03.2025,11,17.8
01.03.2025,12,16.1
01.03.2025,13,17.8
01.03.2025,14,18.6
01.03.2025,15,13.4
01.03.2025,16,13.4
01.03.2025,17,11.2
01.03.2025,18,10.3
01.03.2025,19,13.8
01.03.2025,20,8.1
01.03.2025,21,7.6
01.03.2025,22,6.7
01.03.2025,23,5.1
02.03.2025,0,16.3
02.03.2025,1,12.0
02.03.2025,2,11.5
02.03.2025,3,14.6
02.03.2025,4,15.1
02.03.2025,5,19.0
02.03.2025,6,20.1
02.03.2025,7,18.8
02.03.2025,8,22.3
02.03.2025,9,23.7
02.03.2025,10,23.9
02.03.2025,11,24.9
02.03.2025,12,25.9
02.03.2025,13,24.2
02.03.2025,14,23.5
02.03.2025,15,21.3
02.03.2025,16,20.8
02.03.2025,17,21.7
02.03.2025,18,18.9
02.03.2025,19,19.4
02.03.2025,20,16.9
02.03.2025,21,17.4
02.03.2025,22,10.6
02.03.2025,23,14.4
03.03.2025,0,8.0
03.03.2025,1,9.2
03.03.2025,2,8.7
03.03.2025,3,10.2
03.03.2025,4,12.0
03.03.2025,5,13.4
03.03.2025,6,15.8
03.03.2025,7,18.2
03.03.2025,8,18.2
03.03.2025,9,19.7
03.03.2025,10,18.3
03.03.2025,11,19.9
03.03.2025,12,19.5
03.03.2025,13,19.9
03.03.2025,14,21.4
03.03.2025,15,18.1
03.03.2025,16,18.4
03.03.2025,17,19.4
03.03.2025,18,16.1
03.03.2025,19,12.6
03.03.2025,20,12.8
03.03.2025,21,9.7
03.03.2025,22,7.3
03.03.2025,23,7.9
04.03.2025,0,11.0
04.03.2025,1,12.6
04.03.2025,2,12.0
04.03.2025,3,11.4
04.03.2025,4,13.4
04.03.2025,5,15.0
04.03.2025,6,16.4
04.03.2025,7,20.6
04.03.2025,8,21.1
04.03.2025,9,22.4
04.03.2025,10,24.0
04.03.2025,11,23.0
04.03.2025,12,23.5
04.03.2025,13,21.7
04.03.2025,14,25.7
04.03.2025,15,20.4
04.03.2025,16,20.4
04.03.2025,17,21.1
04.03.2025,18,15.6
04.03.2025,19,17.1
04.03.2025,20,12.6
04.03.2025,21,14.4
04.03.2025,22,12.6
04.03.2025,23,14.0
05.03.2025,0,15.2
05.03.2025,1,13.2
05.03.2025,2,15.6
05.03.2025,3,19.0
05.03.2025,4,18.0
05.03.2025,5,18.5
05.03.2025,6,18.3
05.03.2025,7,20.8
05.03.2025,8,22.6
05.03.2025,9,23.3
05.03.2025,10,24.1
05.03.2025,11,26.1
05.03.2025,12,27.3
05.03.2025,13,26.3
05.03.2025,14,24.5
05.03.2025,15,23.3
05.03.2025,16,21.9
05.03.2025,17,21.6
05.03.2025,18,22.1
05.03.2025,19,18.1
05.03.2025,20,15.4
05.03.2025,21,16.0
05.03.2025,22,12.0
05.03.2025,23,14.8
06.03.2025,0,5.3
06.03.2025,1,4.9
06.03.2025,2,6.5
06.03.2025,3,8.5
06.03.2025,4,10.2
06.03.2025,5,9.7
06.03.2025,6,12.8
06.03.2025,7,15.0
06.03.2025,8,15.1
06.03.2025,9,15.7
06.03.2025,10,17.4
06.03.2025,11,18.8
06.03.2025,12,17.7
06.03.2025,13,14.7
06.03.2025,14,17.8
06.03.2025,15,17.1
06.03.2025,16,16.9
06.03.2025,17,11.6
06.03.2025,18,11.2
06.03.2025,19,10.9
06.03.2025,20,11.1
06.03.2025,21,9.0
06.03.2025,22,9.1
06.03.2025,23,5.4
07.03.2025,0,0.1
07.03.2025,1,1.9
07.03.2025,2,3.2
07.03.2025,3,4.2
07.03.2025,4,6.8
07.03.2025,5,3.7
07.03.2025,6,8.2
07.03.2025,7,10.4
07.03.2025,8,11.0
07.03.2025,9,12.5
07.03.2025,10,9.9
07.03.2025,11,13.4
07.03.2025,12,13.8
07.03.2025,13,15.0
07.03.2025,14,10.0
07.03.2025,15,15.2
07.03.2025,16,12.6
07.03.2025,17,9.6
07.03.2025,18,7.7
07.03.2025,19,5.4
07.03.2025,20,5.6
07.03.2025,21,4.3
07.03.2025,22,1.3
07.03.2025,23,0.6
08.03.2025,0,3.8
08.03.2025,1,3.2
08.03.2025,2,5.3
08.03.2025,3,6.4
08.03.2025,4,6.5
08.03.2025,5,5.7
08.03.2025,6,8.5
08.03.2025,7,9.0
08.03.2025,8,13.5
08.03.2025,9,14.6
08.03.2025,10,16.3
08.03.2025,11,13.1
08.03.2025,12,17.4
08.03.2025,13,16.6
08.03.2025,14,16.6
08.03.2025,15,12.1
08.03.2025,16,13.0
08.03.2025,17,11.7
08.03.2025,18,11.9
08.03.2025,19,8.5
08.03.2025,20,3.8
08.03.2025,21,3.0
08.03.2025,22,4.6
08.03.2025,23,2.1
09.03.2025,0,3.5
09.03.2025,1,6.2
09.03.2025,2,6.3
09.03.2025,3,8.1
09.03.2025,4,8.9
09.03.2025,5,8.1
09.03.2025,6,9.9
09.03.2025,7,14.5
09.03.2025,8,13.7
09.03.2025,9,16.6
09.03.2025,10,17.1
09.03.2025,11,17.8
09.03.2025,12,17.5
09.03.2025,13,16.9
09.03.2025,14,16.2
09.03.2025,15,18.1
09.03.2025,16,12.9
09.03.2025,17,11.4
09.03.2025,18,9.7
09.03.2025,19,10.2
09.03.2025,20,9.0
09.03.2025,21,5.9
09.03.2025,22,5.3
09.03.2025,23,4.6
10.03.2025,0,9.3
10.03.2025,1,7.6
10.03.2025,2,7.5
10.03.2025,3,10.6
10.03.2025,4,10.3
10.03.2025,5,12.2
10.03.2025,6,15.2
10.03.2025,7,16.9
10.03.2025,8,18.2
10.03.2025,9,18.7
10.03.2025,10,20.3
10.03.2025,11,18.5
10.03.2025,12,18.4
10.03.2025,13,21.9
10.03.2025,14,18.0
10.03.2025,15,15.9
10.03.2025,16,16.2
10.03.2025,17,16.8
10.03.2025,18,11.0
10.03.2025,19,13.1
10.03.2025,20,11.7
10.03.2025,21,9.7
10.03.2025,22,7.7
10.03.2025,23,6.8
11.03.2025,0,-2.6
11.03.2025,1,2.1
11.03.2025,2,3.3
11.03.2025,3,5.8
11.03.2025,4,1.6
11.03.2025,5,4.8
11.03.2025,6,3.8
11.03.2025,7,7.2
11.03.2025,8,8.2
11.03.2025,9,10.4
11.03.2025,10,12.0
11.03.2025,11,10.5
11.03.2025,12,12.5
11.03.2025,13,9.9
11.03.2025,14,11.5
11.03.2025,15,11.0
11.03.2025,16,8.6
11.03.2025,17,6.4
11.03.2025,18,5.5
11.03.2025,19,2.2
11.03.2025,20,1.9
11.03.2025,21,1.2
11.03.2025,22,2.3
11.03.2025,23,1.0
12.03.2025,0,3.5
12.03.2025,1,0.9
12.03.2025,2,3.3
12.03.2025,3,2.1
12.03.2025,4,5.8
12.03.2025,5,6.7
12.03.2025,6,8.1
12.03.2025,7,7.8
12.03.2025,8,9.0
12.03.2025,9,10.3
12.03.2025,10,12.9
12.03.2025,11,13.4
12.03.2025,12,14.7
12.03.2025,13,14.9
12.03.2025,14,13.2
12.03.2025,15,12.3
12.03.2025,16,11.7
12.03.2025,17,9.2
12.03.2025,18,7.9
12.03.2025,19,7.7
12.03.2025,20,5.2
12.03.2025,21,2.8
12.03.2025,22,2.7
12.03.2025,23,3.4
13.03.2025,0,6.2
13.03.2025,1,7.2
13.03.2025,2,5.2
13.03.2025,3,6.6
13.03.2025,4,8.9
13.03.2025,5,8.0
13.03.2025,6,9.9
13.03.2025,7,11.3
13.03.2025,8,15.1
13.03.2025,9,16.1
13.03.2025,10,14.8
13.03.2025,11,17.7
13.03.2025,12,18.5
13.03.2025,13,17.5
13.03.2025,14,15.9
13.03.2025,15,18.5
13.03.2025,16,16.6
13.03.2025,17,14.7
13.03.2025,18,11.6
13.03.2025,19,7.9
13.03.2025,20,7.0
13.03.2025,21,8.0
13.03.2025,22,5.6
13.03.2025,23,5.2
14.03.2025,0,8.6
14.03.2025,1,6.5
14.03.2025,2,4.9
14.03.2025,3,7.0
14.03.2025,4,8.9
14.03.2025,5,9.8
14.03.2025,6,14.2
14.03.2025,7,13.3
14.03.2025,8,15.9
14.03.2025,9,14.8
14.03.2025,10,14.7
14.03.2025,11,15.8
14.03.2025,12,15.2
14.03.2025,13,19.9
14.03.2025,14,16.0
14.03.2025,15,16.2
14.03.2025,16,16.7
14.03.2025,17,13.1
14.03.2025,18,9.4
14.03.2025,19,9.3
14.03.2025,20,9.2
14.03.2025,21,7.8
14.03.2025,22,3.3
14.03.2025,23,7.7
15.03.2025,0,11.4
15.03.2025,1,9.5
15.03.2025,2,13.6
15.03.2025,3,13.0
15.03.2025,4,13.8
15.03.2025,5,13.6
15.03.2025,6,15.5
15.03.2025,7,16.9
15.03.2025,8,15.7
15.03.2025,9,20.8
15.03.2025,10,19.9
15.03.2025,11,20.3
15.03.2025,12,22.0
15.03.2025,13,21.6
15.03.2025,14,20.2
15.03.2025,15,20.2
15.03.2025,16,16.4
15.03.2025,17,18.5
15.03.2025,18,14.1
15.03.2025,19,14.6
15.03.2025,20,12.2
15.03.2025,21,9.5
15.03.2025,22,7.7
15.03.2025,23,10.2
16.03.2025,0,0.5
16.03.2025,1,-1.0
16.03.2025,2,2.8
16.03.2025,3,-0.5
16.03.2025,4,3.4
16.03.2025,5,5.4
16.03.2025,6,9.7
16.03.2025,7,8.5
16.03.2025,8,10.6
16.03.2025,9,10.4
16.03.2025,10,12.9
16.03.2025,11,12.2
16.03.2025,12,14.1
16.03.2025,13,13.8
16.03.2025,14,12.5
16.03.2025,15,11.7
16.03.2025,16,9.3
16.03.2025,17,8.1
16.03.2025,18,7.2
16.03.2025,19,4.3
16.03.2025,20,4.9
16.03.2025,21,2.8
16.03.2025,22,0.9
16.03.2025,23,0.0
17.03.2025,0,7.8
17.03.2025,1,10.1
17.03.2025,2,12.6
17.03.2025,3,12.6
17.03.2025,4,10.4
17.03.2025,5,12.1
17.03.2025,6,14.9
17.03.2025,7,13.4
17.03.2025,8,19.9
17.03.2025,9,16.8
17.03.2025,10,18.6
17.03.2025,11,18.5
17.03.2025,12,22.0
17.03.2025,13,21.3
17.03.2025,14,18.1
17.03.2025,15,20.5
17.03.2025,16,17.2
17.03.2025,17,16.4
17.03.2025,18,17.9
17.03.2025,19,13.2
17.03.2025,20,14.8
17.03.2025,21,10.9
17.03.2025,22,8.2
17.03.2025,23,8.8
18.03.2025,0,9.2
18.03.2025,1,9.1
18.03.2025,2,14.4
18.03.2025,3,10.7
18.03.2025,4,12.9
18.03.2025,5,14.5
18.03.2025,6,17.9
18.03.2025,7,16.7
18.03.2025,8,19.4
18.03.2025,9,20.4
18.03.2025,10,21.6
18.03.2025,11,20.8
18.03.2025,12,23.8
18.03.2025,13,21.0
18.03.2025,14,20.9
18.03.2025,15,21.0
18.03.2025,16,17.9
18.03.2025,17,16.4
18.03.2025,18,14.8
18.03.2025,19,12.3
18.03.2025,20,12.3
18.03.2025,21,11.9
18.03.2025,22,10.6
18.03.2025,23,7.2
19.03.2025,0,11.6
19.03.2025,1,13.4
19.03.2025,2,11.0
19.03.2025,3,13.7
19.03.2025,4,14.8
19.03.2025,5,15.3
19.03.2025,6,18.1
19.03.2025,7,18.2
19.03.2025,8,22.6
19.03.2025,9,21.8
19.03.2025,10,21.7
19.03.2025,11,25.9
19.03.2025,12,23.4
19.03.2025,13,20.9
19.03.2025,14,23.6
19.03.2025,15,26.0
19.03.2025,16,19.1
19.03.2025,17,16.1
19.03.2025,18,18.2
19.03.2025,19,17.5
19.03.2025,20,11.6
19.03.2025,21,13.5
19.03.2025,22,13.7
19.03.2025,23,12.0
20.03.2025,0,1.9
20.03.2025,1,-2.1
20.03.2025,2,-2.1
20.03.2025,3,1.4
20.03.2025,4,2.3
20.03.2025,5,3.1
20.03.2025,6,6.3
20.03.2025,7,6.8
20.03.2025,8,10.5
20.03.2025,9,11.8
20.03.2025,10,10.9
20.03.2025,11,15.0
20.03.2025,12,17.2
20.03.2025,13,10.2
20.03.2025,14,11.1
20.03.2025,15,7.9
20.03.2025,16,8.2
20.03.2025,17,7.7
20.03.2025,18,4.3
20.03.2025,19,6.2
20.03.2025,20,3.8
20.03.2025,21,2.2
20.03.2025,22,-0.6
20.03.2025,23,-0.9
21.03.2025,0,7.6
21.03.2025,1,9.0
21.03.2025,2,9.6
21.03.2025,3,10.4
21.03.2025,4,11.3
21.03.2025,5,13.5
21.03.2025,6,14.1
21.03.2025,7,17.2
21.03.2025,8,16.6
21.03.2025,9,19.3
21.03.2025,10,18.0
21.03.2025,11,21.4
21.03.2025,12,21.8
21.03.2025,13,22.3
21.03.2025,14,21.7
21.03.2025,15,20.9
21.03.2025,16,18.6
21.03.2025,17,14.8
21.03.2025,18,13.9
21.03.2025,19,14.5
21.03.2025,20,14.9
21.03.2025,21,13.7
21.03.2025,22,11.0
21.03.2025,23,8.3
22.03.2025,0,5.8
22.03.2025,1,4.1
22.03.2025,2,5.9
22.03.2025,3,6.9
22.03.2025,4,6.7
22.03.2025,5,11.6
22.03.2025,6,10.6
22.03.2025,7,14.0
22.03.2025,8,13.4
22.03.2025,9,15.4
22.03.2025,10,15.8
22.03.2025,11,16.8
22.03.2025,12,18.6
22.03.2025,13,19.0
22.03.2025,14,15.5
22.03.2025,15,15.8
22.03.2025,16,10.9
22.03.2025,17,11.9
22.03.2025,18,11.3
22.03.2025,19,9.2
22.03.2025,20,6.6
22.03.2025,21,6.0
22.03.2025,22,2.8
22.03.2025,23,5.0
23.03.2025,0,3.9
23.03.2025,1,7.1
23.03.2025,2,8.0
23.03.2025,3,7.7
23.03.2025,4,7.7
23.03.2025,5,10.8
23.03.2025,6,13.3
23.03.2025,7,13.9
23.03.2025,8,14.8
23.03.2025,9,17.6
23.03.2025,10,21.8
23.03.2025,11,21.6
23.03.2025,12,20.3
23.03.2025,13,20.2
23.03.2025,14,21.0
23.03.2025,15,19.1
23.03.2025,16,16.4
23.03.2025,17,11.9
23.03.2025,18,10.9
23.03.2025,19,12.9
23.03.2025,20,10.4
23.03.2025,21,7.7
23.03.2025,22,6.3
23.03.2025,23,7.7
24.03.2025,0,4.6
24.03.2025,1,7.0
24.03.2025,2,7.9
24.03.2025,3,9.3
24.03.2025,4,8.5
24.03.2025,5,10.8
24.03.2025,6,11.7
24.03.2025,7,15.6
24.03.2025,8,17.0
24.03.2025,9,18.5
24.03.2025,10,19.1
24.03.2025,11,19.0
24.03.2025,12,21.2
24.03.2025,13,17.0
24.03.2025,14,15.7
24.03.2025,15,18.0
24.03.2025,16,16.8
24.03.2025,17,13.9
24.03.2025,18,11.1
24.03.2025,19,10.9
24.03.2025,20,9.4
24.03.2025,21,7.8
24.03.2025,22,6.7
24.03.2025,23,6.5
25.03.2025,0,1.2
25.03.2025,1,-0.0
25.03.2025,2,0.7
25.03.2025,3,2.2
25.03.2025,4,6.3
25.03.2025,5,4.3
25.03.2025,6,9.0
25.03.2025,7,5.7
25.03.2025,8,7.7
25.03.2025,9,9.7
25.03.2025,10,12.5
25.03.2025,11,10.2
25.03.2025,12,11.0
25.03.2025,13,11.8
25.03.2025,14,12.0
25.03.2025,15,12.0
25.03.2025,16,9.2
25.03.2025,17,5.5
25.03.2025,18,5.9
25.03.2025,19,5.0
25.03.2025,20,3.7
25.03.2025,21,0.0
25.03.2025,22,0.3
25.03.2025,23,-1.1
26.03.2025,0,13.1
26.03.2025,1,11.2
26.03.2025,2,13.0
26.03.2025,3,13.8
26.03.2025,4,11.7
26.03.2025,5,16.7
26.03.2025,6,16.8
26.03.2025,7,18.4
26.03.2025,8,21.1
26.03.2025,9,23.0
26.03.2025,10,23.3
26.03.2025,11,26.3
26.03.2025,12,23.2
26.03.2025,13,22.6
26.03.2025,14,23.8
26.03.2025,15,25.7
26.03.2025,16,21.9
26.03.2025,17,21.7
26.03.2025,18,18.0
26.03.2025,19,13.4
26.03.2025,20,11.7
26.03.2025,21,14.3
26.03.2025,22,13.6
26.03.2025,23,10.0
27.03.2025,0,1.9
27.03.2025,1,6.4
27.03.2025,2,3.3
27.03.2025,3,3.9
27.03.2025,4,6.7
27.03.2025,5,6.7
27.03.2025,6,7.6
27.03.2025,7,11.1
27.03.2025,8,12.2
27.03.2025,9,8.3
27.03.2025,10,12.2
27.03.2025,11,15.7
27.03.2025,12,13.5
27.03.2025,13,14.7
27.03.2025,14,14.6
27.03.2025,15,13.3
27.03.2025,16,11.1
27.03.2025,17,11.4
27.03.2025,18,9.8
27.03.2025,19,6.6
27.03.2025,20,4.5
27.03.2025,21,6.9
27.03.2025,22,3.3
27.03.2025,23,5.0
28.03.2025,0,3.4
28.03.2025,1,3.7
28.03.2025,2,6.6
28.03.2025,3,6.3
28.03.2025,4,5.9
28.03.2025,5,8.6
28.03.2025,6,9.6
28.03.2025,7,14.4
28.03.2025,8,11.5
28.03.2025,9,12.3
28.03.2025,10,14.8
28.03.2025,11,18.0
28.03.2025,12,13.9
28.03.2025,13,14.4
28.03.2025,14,13.6
28.03.2025,15,11.8
28.03.2025,16,13.5
28.03.2025,17,12.2
28.03.2025,18,10.8
28.03.2025,19,9.2
28.03.2025,20,5.1
28.03.2025,21,8.9
28.03.2025,22,5.0
28.03.2025,23,5.1
29.03.2025,0,1.9
29.03.2025,1,1.2
29.03.2025,2,2.2
29.03.2025,3,4.8
29.03.2025,4,4.7
29.03.2025,5,6.9
29.03.2025,6,10.2
29.03.2025,7,9.9
29.03.2025,8,9.9
29.03.2025,9,11.3
29.03.2025,10,14.3
29.03.2025,11,13.9
29.03.2025,12,12.6
29.03.2025,13,15.3
29.03.2025,14,14.2
29.03.2025,15,9.3
29.03.2025,16,12.4
29.03.2025,17,11.1
29.03.2025,18,6.6
29.03.2025,19,10.4
29.03.2025,20,6.7
29.03.2025,21,6.4
29.03.2025,22,0.7
29.03.2025,23,3.4
30.03.2025,0,13.9
30.03.2025,1,13.8
30.03.2025,2,15.3
30.03.2025,3,14.6
30.03.2025,4,14.7
30.03.2025,5,19.3
30.03.2025,6,21.0
30.03.2025,7,22.5
30.03.2025,8,22.5
30.03.2025,9,22.5
30.03.2025,10,25.9
30.03.2025,11,24.8
30.03.2025,12,25.2
30.03.2025,13,27.6
30.03.2025,14,25.4
30.03.2025,15,22.7
30.03.2025,16,21.6
30.03.2025,17,21.1
30.03.2025,18,21.3
30.03.2025,19,17.8
30.03.2025,20,18.0
30.03.2025,21,15.6
30.03.2025,22,14.6
30.03.2025,23,12.5
31.03.2025,0,6.1
31.03.2025,1,5.7
31.03.2025,2,8.1
31.03.2025,3,5.8
31.03.2025,4,10.5
31.03.2025,5,11.1
31.03.2025,6,10.4
31.03.2025,7,12.9
31.03.2025,8,13.8
31.03.2025,9,15.2
31.03.2025,10,16.2
31.03.2025,11,17.7
31.03.2025,12,17.0
31.03.2025,13,13.7
31.03.2025,14,13.8
31.03.2025,15,15.3
31.03.2025,16,14.9
31.03.2025,17,12.4
31.03.2025,18,12.8
31.03.2025,19,9.9
31.03.2025,20,8.3
31.03.2025,21,6.6
31.03.2025,22,7.7
31.03.2025,23,7.8
01.04.2025,0,6.1
01.04.2025,1,6.0
01.04.2025,2,9.6
01.04.2025,3,7.3
01.04.2025,4,8.6
01.04.2025,5,10.3
01.04.2025,6,13.3
01.04.2025,7,15.0
01.04.2025,8,14.6
01.04.2025,9,16.1
01.04.2025,10,17.6
01.04.2025,11,18.1
01.04.2025,12,18.3
01.04.2025,13,15.9
01.04.2025,14,14.6
01.04.2025,15,14.6
01.04.2025,16,13.9
01.04.2025,17,13.7
01.04.2025,18,12.1
01.04.2025,19,9.9
01.04.2025,20,7.6
01.04.2025,21,7.5
01.04.2025,22,8.2
01.04.2025,23,5.3
02.04.2025,0,11.9
02.04.2025,1,11.4
02.04.2025,2,8.8
02.04.2025,3,14.4
02.04.2025,4,12.7
02.04.2025,5,14.7
02.04.2025,6,16.1
02.04.2025,7,17.7
02.04.2025,8,16.9
02.04.2025,9,18.7
02.04.2025,10,22.3
02.04.2025,11,23.4
02.04.2025,12,21.2
02.04.2025,13,20.1
02.04.2025,14,22.6
02.04.2025,15,19.8
02.04.2025,16,18.4
02.04.2025,17,18.8
02.04.2025,18,17.2
02.04.2025,19,13.2
02.04.2025,20,10.6
02.04.2025,21,12.6
02.04.2025,22,10.1
02.04.2025,23,12.0
03.04.2025,0,4.4
03.04.2025,1,1.0
03.04.2025,2,2.5
03.04.2025,3,3.2
03.04.2025,4,3.6
03.04.2025,5,4.7
03.04.2025,6,7.6
03.04.2025,7,8.7
03.04.2025,8,10.1
03.04.2025,9,10.6
03.04.2025,10,13.4
03.04.2025,11,12.7
03.04.2025,12,14.0
03.04.2025,13,14.6
03.04.2025,14,14.2
03.04.2025,15,10.5
03.04.2025,16,14.4
03.04.2025,17,10.3
03.04.2025,18,8.3
03.04.2025,19,5.9
03.04.2025,20,4.7
03.04.2025,21,2.6
03.04.2025,22,4.4
03.04.2025,23,6.8
04.04.2025,0,6.7
04.04.2025,1,11.0
04.04.2025,2,8.6
04.04.2025,3,6.9
04.04.2025,4,14.4
04.04.2025,5,10.5
04.04.2025,6,13.8
04.04.2025,7,13.6
04.04.2025,8,15.2
04.04.2025,9,17.4
04.04.2025,10,20.8
04.04.2025,11,19.7
04.04.2025,12,20.3
04.04.2025,13,22.3
04.04.2025,14,17.4
04.04.2025,15,16.8
04.04.2025,16,16.4
04.04.2025,17,15.4
04.04.2025,18,14.6
04.04.2025,19,10.2
04.04.2025,20,10.3
04.04.2025,21,10.2
04.04.2025,22,8.3
04.04.2025,23,7.2
05.04.2025,0,8.7
05.04.2025,1,12.8
05.04.2025,2,12.8
05.04.2025,3,12.8
05.04.2025,4,13.6
05.04.2025,5,17.2
05.04.2025,6,18.6
05.04.2025,7,19.5
05.04.2025,8,21.9
05.04.2025,9,23.8
05.04.2025,10,24.7
05.04.2025,11,23.2
05.04.2025,12,25.1
05.04.2025,13,24.4
05.04.2025,14,22.4
05.04.2025,15,20.4
05.04.2025,16,25.1
05.04.2025,17,19.7
05.04.2025,18,19.9
05.04.2025,19,15.9
05.04.2025,20,14.8
05.04.2025,21,15.7
05.04.2025,22,12.9
05.04.2025,23,11.6
06.04.2025,0,5.9
06.04.2025,1,4.1
06.04.2025,2,4.2
06.04.2025,3,8.0
06.04.2025,4,7.1
06.04.2025,5,11.7
06.04.2025,6,9.7
06.04.2025,7,13.3
06.04.2025,8,14.4
06.04.2025,9,14.6
06.04.2025,10,16.5
06.04.2025,11,17.0
06.04.2025,12,18.0
06.04.2025,13,19.3
06.04.2025,14,16.2
06.04.2025,15,14.7
06.04.2025,16,16.6
06.04.2025,17,9.0
06.04.2025,18,12.0
06.04.2025,19,9.3
06.04.2025,20,6.4
06.04.2025,21,9.2
06.04.2025,22,7.3
06.04.2025,23,7.4
07.04.2025,0,-1.5
07.04.2025,1,2.8
07.04.2025,2,2.9
07.04.2025,3,4.0
07.04.2025,4,6.6
07.04.2025,5,4.9
07.04.2025,6,7.4
07.04.2025,7,12.3
07.04.2025,8,10.6
07.04.2025,9,10.5
07.04.2025,10,12.4
07.04.2025,11,13.0
07.04.2025,12,9.4
07.04.2025,13,13.7
07.04.2025,14,9.0
07.04.2025,15,11.6
07.04.2025,16,10.0
07.04.2025,17,8.9
07.04.2025,18,7.7
07.04.2025,19,4.4
07.04.2025,20,7.5
07.04.2025,21,3.4
07.04.2025,22,1.3
07.04.2025,23,1.0
08.04.2025,0,15.2
08.04.2025,1,11.5
08.04.2025,2,14.2
08.04.2025,3,14.6
08.04.2025,4,16.7
08.04.2025,5,18.8
08.04.2025,6,20.2
08.04.2025,7,22.5
08.04.2025,8,23.6
08.04.2025,9,21.6
08.04.2025,10,25.5
08.04.2025,11,24.9
08.04.2025,12,26.0
08.04.2025,13,28.8
08.04.2025,14,25.5
08.04.2025,15,25.0
08.04.2025,16,21.1
08.04.2025,17,21.1
08.04.2025,18,18.9
08.04.2025,19,18.3
08.04.2025,20,17.7
08.04.2025,21,16.5
08.04.2025,22,12.4
08.04.2025,23,9.9
09.04.2025,0,6.9
09.04.2025,1,9.8
09.04.2025,2,9.3
09.04.2025,3,10.8
09.04.2025,4,13.0
09.04.2025,5,11.8
09.04.2025,6,14.5
09.04.2025,7,19.1
09.04.2025,8,17.8
09.04.2025,9,19.8
09.04.2025,10,22.4
09.04.2025,11,21.0
09.04.2025,12,16.8
09.04.2025,13,21.1
09.04.2025,14,19.3
09.04.2025,15,19.1
09.04.2025,16,15.9
09.04.2025,17,16.0
09.04.2025,18,16.9
09.04.2025,19,14.4
09.04.2025,20,10.7
09.04.2025,21,13.1
09.04.2025,22,9.7
09.04.2025,23,12.0
10.04.2025,0,7.1
10.04.2025,1,10.2
10.04.2025,2,10.3
10.04.2025,3,12.4
10.04.2025,4,15.1
10.04.2025,5,16.1
10.04.2025,6,14.5
10.04.2025,7,18.0
10.04.2025,8,18.5
10.04.2025,9,20.8
10.04.2025,10,19.7
10.04.2025,11,23.1
10.04.2025,12,23.8
10.04.2025,13,23.4
10.04.2025,14,20.9
10.04.2025,15,20.4
10.04.2025,16,21.3
10.04.2025,17,19.1
10.04.2025,18,15.9
10.04.2025,19,13.3
10.04.2025,20,10.7
10.04.2025,21,11.9
10.04.2025,22,9.6
10.04.2025,23,7.7
11.04.2025,0,7.3
11.04.2025,1,7.3
11.04.2025,2,9.7
11.04.2025,3,10.3
11.04.2025,4,10.5
11.04.2025,5,8.5
11.04.2025,6,10.2
11.04.2025,7,10.0
11.04.2025,8,16.7
11.04.2025,9,13.8
11.04.2025,10,12.4
11.04.2025,11,20.1
11.04.2025,12,16.4
11.04.2025,13,17.5
11.04.2025,14,15.5
11.04.2025,15,15.8
11.04.2025,16,13.1
11.04.2025,17,15.3
11.04.2025,18,11.6
11.04.2025,19,10.4
11.04.2025,20,9.5
11.04.2025,21,8.0
11.04.2025,22,6.0
11.04.2025,23,6.9
12.04.2025,0,5.4
12.04.2025,1,8.8
12.04.2025,2,10.6
12.04.2025,3,13.2
12.04.2025,4,11.5
12.04.2025,5,15.2
12.04.2025,6,14.7
12.04.2025,7,16.8
12.04.2025,8,16.9
12.04.2025,9,20.5
12.04.2025,10,20.3
12.04.2025,11,20.6
12.04.2025,12,22.0
12.04.2025,13,20.4
12.04.2025,14,20.8
12.04.2025,15,18.2
12.04.2025,16,19.0
12.04.2025,17,16.9
12.04.2025,18,15.4
12.04.2025,19,12.7
12.04.2025,20,13.0
12.04.2025,21,13.8
12.04.2025,22,11.2
12.04.2025,23,10.5
13.04.2025,0,7.7
13.04.2025,1,5.4
13.04.2025,2,4.7
13.04.2025,3,5.5
13.04.2025,4,8.3
13.04.2025,5,9.7
13.04.2025,6,12.4
13.04.2025,7,14.3
13.04.2025,8,12.9
13.04.2025,9,16.9
13.04.2025,10,20.3
13.04.2025,11,16.4
13.04.2025,12,18.5
13.04.2025,13,17.6
13.04.2025,14,16.1
13.04.2025,15,17.3
13.04.2025,16,15.3
13.04.2025,17,12.1
13.04.2025,18,10.9
13.04.2025,19,11.1
13.04.2025,20,7.0
13.04.2025,21,8.6
13.04.2025,22,4.4
13.04.2025,23,8.1
14.04.2025,0,3.5
14.04.2025,1,2.5
14.04.2025,2,-0.5
14.04.2025,3,3.3
14.04.2025,4,3.0
14.04.2025,5,5.8
14.04.2025,6,9.3
14.04.2025,7,9.2
14.04.2025,8,9.0
14.04.2025,9,13.3
14.04.2025,10,12.4
14.04.2025,11,12.9
14.04.2025,12,13.7
14.04.2025,13,13.1
14.04.2025,14,11.9
14.04.2025,15,8.4
14.04.2025,16,11.3
14.04.2025,17,8.7
14.04.2025,18,9.9
14.04.2025,19,5.0
14.04.2025,20,5.7
14.04.2025,21,5.3
14.04.2025,22,3.8
14.04.2025,23,1.6
15.04.2025,0,7.0
15.04.2025,1,5.3
15.04.2025,2,5.8
15.04.2025,3,5.5
15.04.2025,4,10.8
15.04.2025,5,11.0
15.04.2025,6,10.2
15.04.2025,7,12.3
15.04.2025,8,14.9
15.04.2025,9,15.6
15.04.2025,10,17.3
15.04.2025,11,18.6
15.04.2025,12,18.2
15.04.2025,13,19.1
15.04.2025,14,17.7
15.04.2025,15,16.5
15.04.2025,16,14.1
15.04.2025,17,13.6
15.04.2025,18,12.5
15.04.2025,19,11.8
15.04.2025,20,8.2
15.04.2025,21,8.5
15.04.2025,22,3.8
15.04.2025,23,7.7
16.04.2025,0,3.5
16.04.2025,1,6.3
16.04.2025,2,6.1
16.04.2025,3,6.5
16.04.2025,4,7.2
16.04.2025,5,10.8
16.04.2025,6,10.3
16.04.2025,7,12.3
16.04.2025,8,12.6
16.04.2025,9,11.4
16.04.2025,10,12.6
16.04.2025,11,15.2
16.04.2025,12,17.7
16.04.2025,13,15.0
16.04.2025,14,16.5
16.04.2025,15,16.7
16.04.2025,16,11.3
16.04.2025,17,11.2
16.04.2025,18,11.4
16.04.2025,19,9.7
16.04.2025,20,8.5
16.04.2025,21,6.7
16.04.2025,22,1.8
16.04.2025,23,6.1
17.04.2025,0,14.6
17.04.2025,1,11.4
17.04.2025,2,15.3
17.04.2025,3,13.6
17.04.2025,4,18.2
17.04.2025,5,15.0
17.04.2025,6,19.5
17.04.2025,7,19.1
17.04.2025,8,22.3
17.04.2025,9,22.8
17.04.2025,10,22.0
17.04.2025,11,22.9
17.04.2025,12,23.5
17.04.2025,13,22.8
17.04.2025,14,21.6
17.04.2025,15,24.6
17.04.2025,16,21.4
17.04.2025,17,20.0
17.04.2025,18,20.2
17.04.2025,19,19.9
17.04.2025,20,15.1
17.04.2025,21,15.3
17.04.2025,22,12.8
17.04.2025,23,14.1
18.04.2025,0,8.3
18.04.2025,1,5.8
18.04.2025,2,7.7
18.04.2025,3,9.4
18.04.2025,4,11.4
18.04.2025,5,10.0
18.04.2025,6,11.5
18.04.2025,7,12.8
18.04.2025,8,15.3
18.04.2025,9,16.5
18.04.2025,10,18.6
18.04.2025,11,19.8
18.04.2025,12,20.0
18.04.2025,13,20.6
18.04.2025,14,18.2
18.04.2025,15,19.1
18.04.2025,16,16.0
18.04.2025,17,11.6
18.04.2025,18,16.2
18.04.2025,19,11.8
18.04.2025,20,10.7
18.04.2025,21,11.9
18.04.2025,22,9.8
18.04.2025,23,7.1
19.04.2025,0,2.3
19.04.2025,1,-0.4
19.04.2025,2,2.8
19.04.2025,3,4.6
19.04.2025,4,6.7
19.04.2025,5,4.4
19.04.2025,6,11.0
19.04.2025,7,9.4
19.04.2025,8,13.5
19.04.2025,9,12.7
19.04.2025,10,13.7
19.04.2025,11,10.6
19.04.2025,12,15.3
19.04.2025,13,14.7
19.04.2025,14,11.1
19.04.2025,15,13.0
19.04.2025,16,8.8
19.04.2025,17,8.9
19.04.2025,18,9.7
19.04.2025,19,3.4
19.04.2025,20,5.1
19.04.2025,21,2.3
19.04.2025,22,1.5
19.04.2025,23,1.4
20.04.2025,0,13.6
20.04.2025,1,12.5
20.04.2025,2,12.9
20.04.2025,3,11.9
20.04.2025,4,13.4
20.04.2025,5,17.3
20.04.2025,6,15.8
20.04.2025,7,18.9
20.04.2025,8,19.8
20.04.2025,9,21.7
20.04.2025,10,21.0
20.04.2025,11,22.5
20.04.2025,12,24.6
20.04.2025,13,23.2
20.04.2025,14,22.2
20.04.2025,15,24.5
20.04.2025,16,19.6
20.04.2025,17,17.1
20.04.2025,18,17.5
20.04.2025,19,15.3
20.04.2025,20,12.3
20.04.2025,21,15.0
20.04.2025,22,13.7
20.04.2025,23,12.4
21.04.2025,0,-0.1
21.04.2025,1,-0.5
21.04.2025,2,-1.0
21.04.2025,3,0.0
21.04.2025,4,2.0
21.04.2025,5,4.7
21.04.2025,6,7.2
21.04.2025,7,7.3
21.04.2025,8,11.5
21.04.2025,9,10.4
21.04.2025,10,12.2
21.04.2025,11,13.0
21.04.2025,12,10.3
21.04.2025,13,13.8
21.04.2025,14,11.4
21.04.2025,15,9.7
21.04.2025,16,5.6
21.04.2025,17,6.0
21.04.2025,18,4.7
21.04.2025,19,7.6
21.04.2025,20,4.7
21.04.2025,21,3.8
21.04.2025,22,-1.6
21.04.2025,23,-0.4
22.04.2025,0,6.6
22.04.2025,1,9.9
22.04.2025,2,12.4
22.04.2025,3,12.2
22.04.2025,4,12.6
22.04.2025,5,15.8
22.04.2025,6,16.5
22.04.2025,7,18.0
22.04.2025,8,19.1
22.04.2025,9,21.2
22.04.2025,10,21.6
22.04.2025,11,22.4
22.04.2025,12,24.4
22.04.2025,13,21.2
22.04.2025,14,23.4
22.04.2025,15,18.2
22.04.2025,16,17.2
22.04.2025,17,17.4
22.04.2025,18,19.4
22.04.2025,19,12.9
22.04.2025,20,14.4
22.04.2025,21,12.0
22.04.2025,22,14.4
22.04.2025,23,11.8
23.04.2025,0,5.7
23.04.2025,1,4.7
23.04.2025,2,4.7
23.04.2025,3,7.0
23.04.2025,4,9.3
23.04.2025,5,12.8
23.04.2025,6,10.6
23.04.2025,7,15.5
23.04.2025,8,13.9
23.04.2025,9,15.4
23.04.2025,10,16.3
23.04.2025,11,20.1
23.04.2025,12,17.7
23.04.2025,13,17.9
23.04.2025,14,19.0
23.04.2025,15,15.8
23.04.2025,16,18.4
23.04.2025,17,14.5
23.04.2025,18,14.5
23.04.2025,19,10.2
23.04.2025,20,10.7
23.04.2025,21,7.0
23.04.2025,22,7.6
23.04.2025,23,5.8
24.04.2025,0,2.4
24.04.2025,1,0.9
24.04.2025,2,5.6
24.04.2025,3,5.7
24.04.2025,4,8.7
24.04.2025,5,5.9
24.04.2025,6,10.7
24.04.2025,7,11.2
24.04.2025,8,13.6
24.04.2025,9,12.6
24.04.2025,10,13.0
24.04.2025,11,13.9
24.04.2025,12,15.7
24.04.2025,13,14.0
24.04.2025,14,14.7
24.04.2025,15,15.0
24.04.2025,16,12.9
24.04.2025,17,11.3
24.04.2025,18,11.7
24.04.2025,19,8.7
24.04.2025,20,8.5
24.04.2025,21,2.2
24.04.2025,22,4.8
24.04.2025,23,4.8
25.04.2025,0,9.7
25.04.2025,1,13.3
25.04.2025,2,10.3
25.04.2025,3,12.8
25.04.2025,4,11.8
25.04.2025,5,14.5
25.04.2025,6,17.1
25.04.2025,7,17.2
25.04.2025,8,15.9
25.04.2025,9,20.2
25.04.2025,10,19.4
25.04.2025,11,18.3
25.04.2025,12,24.3
25.04.2025,13,20.2
25.04.2025,14,22.6
25.04.2025,15,16.6
25.04.2025,16,20.0
25.04.2025,17,18.7
25.04.2025,18,16.7
25.04.2025,19,13.8
25.04.2025,20,11.0
25.04.2025,21,9.3
25.04.2025,22,14.6
25.04.2025,23,8.4
26.04.2025,0,7.9
26.04.2025,1,10.7
26.04.2025,2,13.5
26.04.2025,3,9.9
26.04.2025,4,13.5
26.04.2025,5,13.9
26.04.2025,6,15.1
26.04.2025,7,19.0
26.04.2025,8,20.3
26.04.2025,9,20.9
26.04.2025,10,19.5
26.04.2025,11,23.3
26.04.2025,12,21.9
26.04.2025,13,20.3
26.04.2025,14,20.3
26.04.2025,15,20.8
26.04.2025,16,19.9
26.04.2025,17,14.5
26.04.2025,18,18.3
26.04.2025,19,13.7
26.04.2025,20,12.9
26.04.2025,21,11.2
26.04.2025,22,9.9
26.04.2025,23,11.8
27.04.2025,0,15.0
27.04.2025,1,11.7
27.04.2025,2,12.6
27.04.2025,3,14.9
27.04.2025,4,18.2
27.04.2025,5,19.1
27.04.2025,6,20.8
27.04.2025,7,21.9
27.04.2025,8,21.2
27.04.2025,9,24.0
27.04.2025,10,23.8
27.04.2025,11,25.4
27.04.2025,12,25.0
27.04.2025,13,27.9
27.04.2025,14,23.4
27.04.2025,15,23.3
27.04.2025,16,23.2
27.04.2025,17,21.1
27.04.2025,18,20.3
27.04.2025,19,18.3
27.04.2025,20,16.6
27.04.2025,21,14.9
27.04.2025,22,14.3
27.04.2025,23,11.5
28.04.2025,0,4.0
28.04.2025,1,2.5
28.04.2025,2,3.6
28.04.2025,3,6.6
28.04.2025,4,6.1
28.04.2025,5,8.2
28.04.2025,6,11.8
28.04.2025,7,10.5
28.04.2025,8,11.0
28.04.2025,9,11.4
28.04.2025,10,12.6
28.04.2025,11,16.1
28.04.2025,12,15.9
28.04.2025,13,12.5
28.04.2025,14,14.7
28.04.2025,15,11.8
28.04.2025,16,13.1
28.04.2025,17,10.4
28.04.2025,18,9.3
28.04.2025,19,6.6
28.04.2025,20,7.8
28.04.2025,21,3.5
28.04.2025,22,3.5
28.04.2025,23,4.9
29.04.2025,0,0.9
29.04.2025,1,-2.4
29.04.2025,2,1.1
29.04.2025,3,1.9
29.04.2025,4,3.2
29.04.2025,5,1.8
29.04.2025,6,8.0
29.04.2025,7,8.2
29.04.2025,8,10.1
29.04.2025,9,11.6
29.04.2025,10,11.7
29.04.2025,11,12.4
29.04.2025,12,10.8
29.04.2025,13,13.7
29.04.2025,14,14.5
29.04.2025,15,12.7
29.04.2025,16,10.7
29.04.2025,17,6.6
29.04.2025,18,6.9
29.04.2025,19,6.2
29.04.2025,20,2.4
29.04.2025,21,1.3
29.04.2025,22,0.1
29.04.2025,23,0.6
30.04.2025,0,8.9
30.04.2025,1,9.6
30.04.2025,2,8.7
30.04.2025,3,8.1
30.04.2025,4,10.9
30.04.2025,5,15.8
30.04.2025,6,14.5
30.04.2025,7,16.8
30.04.2025,8,18.3
30.04.2025,9,17.0
30.04.2025,10,23.1
30.04.2025,11,26.1
30.04.2025,12,21.5
30.04.2025,13,19.6
30.04.2025,14,22.0
30.04.2025,15,17.5
30.04.2025,16,17.8
30.04.2025,17,19.9
30.04.2025,18,17.5
30.04.2025,19,16.0
30.04.2025,20,11.4
30.04.2025,21,6.8
30.04.2025,22,9.5
30.04.2025,23,7.0
01.05.2025,0,6.6
01.05.2025,1,5.3
01.05.2025,2,6.8
01.05.2025,3,9.1
01.05.2025,4,12.8
01.05.2025,5,8.7
01.05.2025,6,12.2
01.05.2025,7,15.9
01.05.2025,8,16.2
01.05.2025,9,15.7
01.05.2025,10,15.8
01.05.2025,11,19.4
01.05.2025,12,19.2
01.05.2025,13,17.0
01.05.2025,14,18.7
01.05.2025,15,18.6
01.05.2025,16,14.9
01.05.2025,17,14.4
01.05.2025,18,13.1
01.05.2025,19,9.9
01.05.2025,20,9.2
01.05.2025,21,6.0
01.05.2025,22,8.4
01.05.2025,23,7.8
02.05.2025,0,-0.5
02.05.2025,1,0.2
02.05.2025,2,2.9
02.05.2025,3,0.5
02.05.2025,4,4.2
02.05.2025,5,4.5
02.05.2025,6,9.8
02.05.2025,7,7.3
02.05.2025,8,6.8
02.05.2025,9,12.3
02.05.2025,10,13.3
02.05.2025,11,11.1
02.05.2025,12,12.7
02.05.2025,13,11.0
02.05.2025,14,13.8
02.05.2025,15,11.8
02.05.2025,16,10.3
02.05.2025,17,8.6
02.05.2025,18,4.1
02.05.2025,19,5.6
02.05.2025,20,2.0
02.05.2025,21,2.9
02.05.2025,22,1.4
02.05.2025,23,0.8
03.05.2025,0,4.8
03.05.2025,1,7.5
03.05.2025,2,7.3
03.05.2025,3,8.7
03.05.2025,4,9.3
03.05.2025,5,13.1
03.05.2025,6,13.7
03.05.2025,7,13.6
03.05.2025,8,17.2
03.05.2025,9,15.6
03.05.2025,10,15.4
03.05.2025,11,17.7
03.05.2025,12,18.2
03.05.2025,13,18.5
03.05.2025,14,17.7
03.05.2025,15,19.1
03.05.2025,16,15.0
03.05.2025,17,12.3
03.05.2025,18,12.6
03.05.2025,19,8.4
03.05.2025,20,12.4
03.05.2025,21,8.0
03.05.2025,22,7.2
03.05.2025,23,7.2
04.05.2025,0,12.4
04.05.2025,1,9.8
04.05.2025,2,12.4
04.05.2025,3,13.6
04.05.2025,4,15.9
04.05.2025,5,12.7
04.05.2025,6,14.9
04.05.2025,7,17.8
04.05.2025,8,20.7
04.05.2025,9,22.8
04.05.2025,10,21.1
04.05.2025,11,24.0
04.05.2025,12,22.4
04.05.2025,13,22.3
04.05.2025,14,23.4
04.05.2025,15,21.5
04.05.2025,16,18.8
04.05.2025,17,18.7
04.05.2025,18,15.8
04.05.2025,19,16.0
04.05.2025,20,15.7
04.05.2025,21,13.0
04.05.2025,22,14.4
04.05.2025,23,11.2
05.05.2025,0,-1.2
05.05.2025,1,1.0
05.05.2025,2,-1.4
05.05.2025,3,2.3
05.05.2025,4,3.8
05.05.2025,5,7.1
05.05.2025,6,4.2
05.05.2025,7,8.2
05.05.2025,8,9.4
05.05.2025,9,11.4
05.05.2025,10,10.8
05.05.2025,11,10.5
05.05.2025,12,12.1
05.05.2025,13,13.3
05.05.2025,14,10.7
05.05.2025,15,14.0
05.05.2025,16,8.2
05.05.2025,17,5.7
05.05.2025,18,4.0
05.05.2025,19,4.5
05.05.2025,20,2.9
05.05.2025,21,2.0
05.05.2025,22,0.5
05.05.2025,23,1.2
06.05.2025,0,7.9
06.05.2025,1,3.9
06.05.2025,2,6.7
06.05.2025,3,8.8
06.05.2025,4,9.0
06.05.2025,5,9.0
06.05.2025,6,12.2
06.05.2025,7,11.0
06.05.2025,8,15.9
06.05.2025,9,14.0
06.05.2025,10,16.7
06.05.2025,11,17.3
06.05.2025,12,16.4
06.05.2025,13,18.7
06.05.2025,14,18.7
06.05.2025,15,15.3
06.05.2025,16,13.2
06.05.2025,17,14.0
06.05.2025,18,11.3
06.05.2025,19,9.8
06.05.2025,20,6.1
06.05.2025,21,8.9
06.05.2025,22,7.5
06.05.2025,23,3.2
07.05.2025,0,12.3
07.05.2025,1,14.2
07.05.2025,2,10.8
07.05.2025,3,12.6
07.05.2025,4,12.2
07.05.2025,5,13.9
07.05.2025,6,17.4
07.05.2025,7,18.3
07.05.2025,8,19.8
07.05.2025,9,21.2
07.05.2025,10,21.8
07.05.2025,11,21.2
07.05.2025,12,22.7
07.05.2025,13,22.4
07.05.2025,14,21.8
07.05.2025,15,19.7
07.05.2025,16,19.6
07.05.2025,17,22.5
07.05.2025,18,18.4
07.05.2025,19,14.1
07.05.2025,20,11.8
07.05.2025,21,10.9
07.05.2025,22,9.7
07.05.2025,23,12.8
08.05.2025,0,11.3
08.05.2025,1,13.9
08.05.2025,2,12.5
08.05.2025,3,13.7
08.05.2025,4,15.7
08.05.2025,5,17.9
08.05.2025,6,17.6
08.05.2025,7,18.9
08.05.2025,8,20.5
08.05.2025,9,24.4
08.05.2025,10,23.6
08.05.2025,11,23.1
08.05.2025,12,24.7
08.05.2025,13,24.1
08.05.2025,14,23.7
08.05.2025,15,20.1
08.05.2025,16,19.3
08.05.2025,17,18.6
08.05.2025,18,18.2
08.05.2025,19,17.5
08.05.2025,20,13.6
08.05.2025,21,14.0
08.05.2025,22,12.1
08.05.2025,23,11.8
09.05.2025,0,4.2
09.05.2025,1,8.5
09.05.2025,2,9.0
09.05.2025,3,9.1
09.05.2025,4,8.2
09.05.2025,5,7.9
09.05.2025,6,13.8
09.05.2025,7,15.6
09.05.2025,8,15.1
09.05.2025,9,18.0
09.05.2025,10,17.8
09.05.2025,11,17.8
09.05.2025,12,19.5
09.05.2025,13,18.5
09.05.2025,14,22.1
09.05.2025,15,18.5
09.05.2025,16,19.3
09.05.2025,17,13.6
09.05.2025,18,12.0
09.05.2025,19,10.2
09.05.2025,20,10.3
09.05.2025,21,8.6
09.05.2025,22,4.9
09.05.2025,23,4.9
10.05.2025,0,10.5
10.05.2025,1,10.8
10.05.2025,2,9.5
10.05.2025,3,10.7
10.05.2025,4,13.0
10.05.2025,5,11.0
10.05.2025,6,15.2
10.05.2025,7,15.6
10.05.2025,8,18.0
10.05.2025,9,20.9
10.05.2025,10,18.6
10.05.2025,11,17.8
10.05.2025,12,20.1
10.05.2025,13,20.0
10.05.2025,14,20.9
10.05.2025,15,19.3
10.05.2025,16,19.2
10.05.2025,17,17.6
10.05.2025,18,13.4
10.05.2025,19,13.3
10.05.2025,20,9.8
10.05.2025,21,9.6
10.05.2025,22,11.4
10.05.2025,23,8.7
11.05.2025,0,11.5
11.05.2025,1,11.4
11.05.2025,2,11.3
11.05.2025,3,11.1
11.05.2025,4,15.4
11.05.2025,5,15.4
11.05.2025,6,19.4
11.05.2025,7,19.8
11.05.2025,8,18.8
11.05.2025,9,22.8
11.05.2025,10,20.5
11.05.2025,11,22.8
11.05.2025,12,27.9
11.05.2025,13,23.1
11.05.2025,14,22.8
11.05.2025,15,21.5
11.05.2025,16,20.6
11.05.2025,17,18.6
11.05.2025,18,17.1
11.05.2025,19,15.3
11.05.2025,20,15.6
11.05.2025,21,12.6
11.05.2025,22,11.0
11.05.2025,23,9.3
12.05.2025,0,7.0
12.05.2025,1,6.9
12.05.2025,2,5.6
12.05.2025,3,8.7
12.05.2025,4,9.6
12.05.2025,5,14.3
12.05.2025,6,10.5
12.05.2025,7,12.5
12.05.2025,8,14.6
12.05.2025,9,14.9
12.05.2025,10,16.0
12.05.2025,11,16.5
12.05.2025,12,17.5
12.05.2025,13,17.4
12.05.2025,14,16.1
12.05.2025,15,15.2
12.05.2025,16,14.7
12.05.2025,17,15.8
12.05.2025,18,11.9
12.05.2025,19,10.7
12.05.2025,20,9.2
12.05.2025,21,10.4
12.05.2025,22,6.0
12.05.2025,23,4.7
13.05.2025,0,15.1
13.05.2025,1,12.6
13.05.2025,2,16.0
13.05.2025,3,14.7
13.05.2025,4,17.6
13.05.2025,5,18.1
13.05.2025,6,22.1
13.05.2025,7,21.2
13.05.2025,8,23.2
13.05.2025,9,25.8
13.05.2025,10,22.9
13.05.2025,11,26.0
13.05.2025,12,27.0
13.05.2025,13,23.1
13.05.2025,14,25.3
13.05.2025,15,23.9
13.05.2025,16,20.6
13.05.2025,17,20.7
13.05.2025,18,18.5
13.05.2025,19,14.3
13.05.2025,20,16.1
13.05.2025,21,12.1
13.05.2025,22,13.8
13.05.2025,23,14.6
14.05.2025,0,6.2
14.05.2025,1,8.1
14.05.2025,2,7.3
14.05.2025,3,9.8
14.05.2025,4,11.3
14.05.2025,5,8.6
14.05.2025,6,13.5
14.05.2025,7,14.0
14.05.2025,8,14.0
14.05.2025,9,14.8
14.05.2025,10,17.5
14.05.2025,11,19.2
14.05.2025,12,17.2
14.05.2025,13,18.9
14.05.2025,14,16.6
14.05.2025,15,16.4
14.05.2025,16,16.6
14.05.2025,17,14.3
14.05.2025,18,12.6
14.05.2025,19,13.0
14.05.2025,20,11.1
14.05.2025,21,8.0
14.05.2025,22,5.4
14.05.2025,23,10.1
15.05.2025,0,8.0
15.05.2025,1,9.8
15.05.2025,2,9.8
15.05.2025,3,8.7
15.05.2025,4,9.1
15.05.2025,5,11.9
15.05.2025,6,17.4
15.05.2025,7,17.3
15.05.2025,8,15.6
15.05.2025,9,19.4
15.05.2025,10,20.2
15.05.2025,11,21.0
15.05.2025,12,20.6
15.05.2025,13,22.4
15.05.2025,14,22.7
15.05.2025,15,21.3
15.05.2025,16,15.8
15.05.2025,17,17.0
15.05.2025,18,15.3
15.05.2025,19,13.9
15.05.2025,20,12.0
15.05.2025,21,9.9
15.05.2025,22,10.1
15.05.2025,23,9.9
16.05.2025,0,8.0
16.05.2025,1,7.8
16.05.2025,2,6.7
16.05.2025,3,7.5
16.05.2025,4,9.2
16.05.2025,5,12.4
16.05.2025,6,12.0
16.05.2025,7,13.0
16.05.2025,8,18.2
16.05.2025,9,17.5
16.05.2025,10,16.9
16.05.2025,11,17.3
16.05.2025,12,20.6
16.05.2025,13,17.1
16.05.2025,14,19.0
16.05.2025,15,21.2
16.05.2025,16,18.3
16.05.2025,17,17.8
16.05.2025,18,12.2
16.05.2025,19,11.6
16.05.2025,20,11.5
16.05.2025,21,9.2
16.05.2025,22,9.3
16.05.2025,23,8.8
17.05.2025,0,4.1
17.05.2025,1,8.0
17.05.2025,2,5.9
17.05.2025,3,6.2
17.05.2025,4,7.7
17.05.2025,5,11.1
17.05.2025,6,12.4
17.05.2025,7,12.1
17.05.2025,8,12.6
17.05.2025,9,18.1
17.05.2025,10,15.2
17.05.2025,11,14.6
17.05.2025,12,17.6
17.05.2025,13,16.4
17.05.2025,14,17.1
17.05.2025,15,12.7
17.05.2025,16,12.8
17.05.2025,17,14.4
17.05.2025,18,10.1
17.05.2025,19,10.2
17.05.2025,20,8.6
17.05.2025,21,4.7
17.05.2025,22,5.8
17.05.2025,23,6.2
18.05.2025,0,2.9
18.05.2025,1,3.9
18.05.2025,2,5.7
18.05.2025,3,5.5
18.05.2025,4,7.7
18.05.2025,5,7.6
18.05.2025,6,11.4
18.05.2025,7,10.6
18.05.2025,8,9.6
18.05.2025,9,11.1
18.05.2025,10,15.4
18.05.2025,11,19.7
18.05.2025,12,17.3
18.05.2025,13,14.7
18.05.2025,14,15.5
18.05.2025,15,17.0
18.05.2025,16,15.6
18.05.2025,17,8.9
18.05.2025,18,11.3
18.05.2025,19,9.7
18.05.2025,20,3.5
18.05.2025,21,4.0
18.05.2025,22,1.9
18.05.2025,23,7.3
19.05.2025,0,4.5
19.05.2025,1,4.7
19.05.2025,2,3.0
19.05.2025,3,5.3
19.05.2025,4,8.3
19.05.2025,5,10.0
19.05.2025,6,9.0
19.05.2025,7,10.5
19.05.2025,8,14.6
19.05.2025,9,13.7
19.05.2025,10,14.6
19.05.2025,11,15.7
19.05.2025,12,17.4
19.05.2025,13,16.8
19.05.2025,14,18.1
19.05.2025,15,14.9
19.05.2025,16,15.0
19.05.2025,17,10.5
19.05.2025,18,11.7
19.05.2025,19,11.3
19.05.2025,20,4.8
19.05.2025,21,5.4
19.05.2025,22,1.5
19.05.2025,23,4.7
20.05.2025,0,2.8
20.05.2025,1,4.8
20.05.2025,2,3.3
20.05.2025,3,8.1
20.05.2025,4,6.6
20.05.2025,5,6.8
20.05.2025,6,10.3
20.05.2025,7,12.5
20.05.2025,8,10.4
20.05.2025,9,12.4
20.05.2025,10,15.9
20.05.2025,11,16.3
20.05.2025,12,16.4
20.05.2025,13,14.8
20.05.2025,14,15.8
20.05.2025,15,10.5
20.05.2025,16,10.9
20.05.2025,17,11.2
20.05.2025,18,11.0
20.05.2025,19,8.9
20.05.2025,20,3.9
20.05.2025,21,2.8
20.05.2025,22,6.8
20.05.2025,23,3.5
21.05.2025,0,6.2
21.05.2025,1,5.1
21.05.2025,2,5.4
21.05.2025,3,8.1
21.05.2025,4,7.4
21.05.2025,5,11.3
21.05.2025,6,8.1
21.05.2025,7,12.1
21.05.2025,8,14.5
21.05.2025,9,13.9
21.05.2025,10,15.2
21.05.2025,11,16.9
21.05.2025,12,17.5
21.05.2025,13,19.5
21.05.2025,14,18.0
21.05.2025,15,14.4
21.05.2025,16,14.3
21.05.2025,17,13.9
21.05.2025,18,12.9
21.05.2025,19,11.2
21.05.2025,20,9.8
21.05.2025,21,9.1
21.05.2025,22,6.7
21.05.2025,23,6.1
22.05.2025,0,5.4
22.05.2025,1,1.2
22.05.2025,2,2.1
22.05.2025,3,2.4
22.05.2025,4,5.2
22.05.2025,5,5.6
22.05.2025,6,8.3
22.05.2025,7,9.9
22.05.2025,8,11.7
22.05.2025,9,10.7
22.05.2025,10,11.2
22.05.2025,11,14.5
22.05.2025,12,13.7
22.05.2025,13,13.1
22.05.2025,14,14.6
22.05.2025,15,13.3
22.05.2025,16,10.3
22.05.2025,17,9.9
22.05.2025,18,8.1
22.05.2025,19,8.3
22.05.2025,20,4.3
22.05.2025,21,4.6
22.05.2025,22,4.4
22.05.2025,23,0.3
23.05.2025,0,8.6
23.05.2025,1,7.0
23.05.2025,2,9.8
23.05.2025,3,8.3
23.05.2025,4,10.6
23.05.2025,5,11.9
23.05.2025,6,12.8
23.05.2025,7,17.0
23.05.2025,8,21.0
23.05.2025,9,16.6
23.05.2025,10,19.4
23.05.2025,11,21.7
23.05.2025,12,19.5
23.05.2025,13,21.1
23.05.2025,14,19.5
23.05.2025,15,19.6
23.05.2025,16,15.9
23.05.2025,17,17.1
23.05.2025,18,11.7
23.05.2025,19,11.9
23.05.2025,20,11.8
23.05.2025,21,12.1
23.05.2025,22,8.6
23.05.2025,23,8.4
24.05.2025,0,0.0
24.05.2025,1,2.2
24.05.2025,2,0.9
24.05.2025,3,4.8
24.05.2025,4,4.5
24.05.2025,5,5.9
24.05.2025,6,7.6
24.05.2025,7,9.4
24.05.2025,8,10.1
24.05.2025,9,10.2
24.05.2025,10,8.5
24.05.2025,11,9.1
24.05.2025,12,14.2
24.05.2025,13,10.7
24.05.2025,14,11.8
24.05.2025,15,12.7
24.05.2025,16,9.7
24.05.2025,17,8.2
24.05.2025,18,4.6
24.05.2025,19,3.8
24.05.2025,20,4.2
24.05.2025,21,2.9
24.05.2025,22,0.1
24.05.2025,23,-0.1
25.05.2025,0,11.4
25.05.2025,1,8.8
25.05.2025,2,12.0
25.05.2025,3,14.1
25.05.2025,4,15.4
25.05.2025,5,16.0
25.05.2025,6,18.5
25.05.2025,7,21.2
25.05.2025,8,21.9
25.05.2025,9,25.0
25.05.2025,10,24.2
25.05.2025,11,23.1
25.05.2025,12,27.2
25.05.2025,13,21.0
25.05.2025,14,23.4
25.05.2025,15,23.2
25.05.2025,16,22.1
25.05.2025,17,20.0
25.05.2025,18,19.9
25.05.2025,19,15.8
25.05.2025,20,16.7
25.05.2025,21,14.3
25.05.2025,22,11.8
25.05.2025,23,11.8
26.05.2025,0,1.6
26.05.2025,1,3.6
26.05.2025,2,2.3
26.05.2025,3,4.9
26.05.2025,4,7.7
26.05.2025,5,7.1
26.05.2025,6,11.1
26.05.2025,7,12.6
26.05.2025,8,5.7
26.05.2025,9,12.7
26.05.2025,10,12.6
26.05.2025,11,19.1
26.05.2025,12,11.9
26.05.2025,13,13.9
26.05.2025,14,16.4
26.05.2025,15,14.2
26.05.2025,16,11.7
26.05.2025,17,8.6
26.05.2025,18,5.9
26.05.2025,19,10.4
26.05.2025,20,4.6
26.05.2025,21,2.8
26.05.2025,22,1.3
26.05.2025,23,1.4
27.05.2025,0,7.9
27.05.2025,1,9.8
27.05.2025,2,7.4
27.05.2025,3,9.0
27.05.2025,4,9.9
27.05.2025,5,10.7
27.05.2025,6,12.4
27.05.2025,7,13.6
27.05.2025,8,15.5
27.05.2025,9,18.3
27.05.2025,10,17.5
27.05.2025,11,21.5
27.05.2025,12,20.1
27.05.2025,13,20.0
27.05.2025,14,18.8
27.05.2025,15,18.7
27.05.2025,16,15.5
27.05.2025,17,13.5
27.05.2025,18,11.3
27.05.2025,19,12.7
27.05.2025,20,7.6
27.05.2025,21,6.0
27.05.2025,22,8.3
27.05.2025,23,6.2
28.05.2025,0,4.1
28.05.2025,1,6.0
28.05.2025,2,6.9
28.05.2025,3,5.6
28.05.2025,4,6.5
28.05.2025,5,10.4
28.05.2025,6,6.9
28.05.2025,7,10.3
28.05.2025,8,11.9
28.05.2025,9,14.4
28.05.2025,10,15.2
28.05.2025,11,15.6
28.05.2025,12,16.2
28.05.2025,13,14.8
28.05.2025,14,15.0
28.05.2025,15,13.4
28.05.2025,16,11.2
28.05.2025,17,9.2
28.05.2025,18,7.3
28.05.2025,19,7.6
28.05.2025,20,3.7
28.05.2025,21,7.5
28.05.2025,22,6.4
28.05.2025,23,4.8
29.05.2025,0,8.1
29.05.2025,1,6.3
29.05.2025,2,6.7
29.05.2025,3,6.9
29.05.2025,4,10.6
29.05.2025,5,9.1
29.05.2025,6,13.5
29.05.2025,7,11.8
29.05.2025,8,16.6
29.05.2025,9,13.0
29.05.2025,10,16.6
29.05.2025,11,18.5
29.05.2025,12,17.3
29.05.2025,13,17.1
29.05.2025,14,15.0
29.05.2025,15,18.4
29.05.2025,16,14.9
29.05.2025,17,14.4
29.05.2025,18,11.5
29.05.2025,19,11.3
29.05.2025,20,9.6
29.05.2025,21,9.9
29.05.2025,22,6.7
29.05.2025,23,3.7
30.05.2025,0,11.3
30.05.2025,1,13.8
30.05.2025,2,13.1
30.05.2025,3,16.2
30.05.2025,4,15.8
30.05.2025,5,14.9
30.05.2025,6,17.1
30.05.2025,7,19.8
30.05.2025,8,22.7
30.05.2025,9,23.9
30.05.2025,10,25.5
30.05.2025,11,23.6
30.05.2025,12,23.5
30.05.2025,13,24.2
30.05.2025,14,24.7
30.05.2025,15,21.6
30.05.2025,16,23.3
30.05.2025,17,18.7
30.05.2025,18,18.1
30.05.2025,19,19.6
30.05.2025,20,16.0
30.05.2025,21,14.1
30.05.2025,22,13.9
30.05.2025,23,12.0
31.05.2025,0,8.0
31.05.2025,1,4.8
31.05.2025,2,4.9
31.05.2025,3,6.2
31.05.2025,4,6.2
31.05.2025,5,7.5
31.05.2025,6,8.7
31.05.2025,7,11.8
31.05.2025,8,12.2
31.05.2025,9,15.1
31.05.2025,10,15.4
31.05.2025,11,17.8
31.05.2025,12,17.5
31.05.2025,13,17.8
31.05.2025,14,17.1
31.05.2025,15,16.4
31.05.2025,16,16.2
31.05.2025,17,13.3
31.05.2025,18,12.4
31.05.2025,19,9.5
31.05.2025,20,7.9
31.05.2025,21,9.3
31.05.2025,22,7.6
31.05.2025,23,4.2
01.06.2025,0,15.6
01.06.2025,1,16.4
01.06.2025,2,17.4
01.06.2025,3,20.7
01.06.2025,4,20.3
01.06.2025,5,23.3
01.06.2025,6,23.4
01.06.2025,7,24.5
01.06.2025,8,28.8
01.06.2025,9,29.1
01.06.2025,10,27.5
01.06.2025,11,29.6
01.06.2025,12,30.3
01.06.2025,13,31.7
01.06.2025,14,26.2
01.06.2025,15,28.1
01.06.2025,16,30.7
01.06.2025,17,27.3
01.06.2025,18,26.5
01.06.2025,19,25.1
01.06.2025,20,17.3
01.06.2025,21,19.5
01.06.2025,22,16.7
01.06.2025,23,19.9
02.06.2025,0,11.8
02.06.2025,1,14.8
02.06.2025,2,13.8
02.06.2025,3,14.3
02.06.2025,4,14.6
02.06.2025,5,20.3
02.06.2025,6,15.5
02.06.2025,7,21.7
02.06.2025,8,20.9
02.06.2025,9,21.5
02.06.2025,10,23.6
02.06.2025,11,24.8
02.06.2025,12,26.1
02.06.2025,13,22.8
02.06.2025,14,22.6
02.06.2025,15,22.3
02.06.2025,16,22.6
02.06.2025,17,22.4
02.06.2025,18,20.2
02.06.2025,19,17.2
02.06.2025,20,13.8
02.06.2025,21,16.6
02.06.2025,22,12.2
02.06.2025,23,13.5
03.06.2025,0,18.3
03.06.2025,1,19.4
03.06.2025,2,17.5
03.06.2025,3,19.7
03.06.2025,4,20.3
03.06.2025,5,21.8
03.06.2025,6,22.9
03.06.2025,7,26.7
03.06.2025,8,29.4
03.06.2025,9,29.9
03.06.2025,10,30.2
03.06.2025,11,33.2
03.06.2025,12,30.1
03.06.2025,13,33.9
03.06.2025,14,30.6
03.06.2025,15,29.0
03.06.2025,16,25.8
03.06.2025,17,26.3
03.06.2025,18,24.0
03.06.2025,19,22.1
03.06.2025,20,19.8
03.06.2025,21,18.4
03.06.2025,22,16.5
03.06.2025,23,19.7
04.06.2025,0,21.2
04.06.2025,1,18.4
04.06.2025,2,20.6
04.06.2025,3,20.8
04.06.2025,4,25.3
04.06.2025,5,24.5
04.06.2025,6,27.3
04.06.2025,7,26.8
04.06.2025,8,31.6
04.06.2025,9,29.7
04.06.2025,10,33.8
04.06.2025,11,32.8
04.06.2025,12,34.9
04.06.2025,13,33.2
04.06.2025,14,31.8
04.06.2025,15,27.9
04.06.2025,16,29.8
04.06.2025,17,27.6
04.06.2025,18,26.4
04.06.2025,19,25.3
04.06.2025,20,23.8
04.06.2025,21,22.1
04.06.2025,22,20.0
04.06.2025,23,22.0
05.06.2025,0,27.1
05.06.2025,1,26.7
05.06.2025,2,23.0
05.06.2025,3,27.1
05.06.2025,4,27.6
05.06.2025,5,29.6
05.06.2025,6,27.8
05.06.2025,7,31.5
05.06.2025,8,33.9
05.06.2025,9,34.8
05.06.2025,10,35.2
05.06.2025,11,33.6
05.06.2025,12,37.5
05.06.2025,13,36.1
05.06.2025,14,34.6
05.06.2025,15,33.6
05.06.2025,16,33.8
05.06.2025,17,29.3
05.06.2025,18,30.9
05.06.2025,19,28.0
05.06.2025,20,26.8
05.06.2025,21,27.7
05.06.2025,22,24.0
05.06.2025,23,24.9
06.06.2025,0,22.1
06.06.2025,1,23.5
06.06.2025,2,25.8
06.06.2025,3,28.0
06.06.2025,4,26.3
06.06.2025,5,27.5
06.06.2025,6,31.3
06.06.2025,7,32.2
06.06.2025,8,32.6
06.06.2025,9,34.3
06.06.2025,10,33.5
06.06.2025,11,35.8
06.06.2025,12,37.6
06.06.2025,13,35.8
06.06.2025,14,35.0
06.06.2025,15,33.6
06.06.2025,16,32.4
06.06.2025,17,32.5
06.06.2025,18,31.2
06.06.2025,19,28.1
06.06.2025,20,25.1
06.06.2025,21,25.7
06.06.2025,22,24.3
06.06.2025,23,24.0
07.06.2025,0,13.5
07.06.2025,1,13.3
07.06.2025,2,13.5
07.06.2025,3,14.9
07.06.2025,4,18.7
07.06.2025,5,17.8
07.06.2025,6,17.8
07.06.2025,7,19.0
07.06.2025,8,23.1
07.06.2025,9,25.2
07.06.2025,10,25.6
07.06.2025,11,23.3
07.06.2025,12,24.5
07.06.2025,13,23.6
07.06.2025,14,26.6
07.06.2025,15,22.8
07.06.2025,16,22.2
07.06.2025,17,22.0
07.06.2025,18,19.4
07.06.2025,19,16.5
07.06.2025,20,16.5
07.06.2025,21,13.3
07.06.2025,22,12.0
07.06.2025,23,10.3
08.06.2025,0,15.1
08.06.2025,1,16.1
08.06.2025,2,16.0
08.06.2025,3,19.2
08.06.2025,4,19.9
08.06.2025,5,20.7
08.06.2025,6,24.7
08.06.2025,7,23.0
08.06.2025,8,22.1
08.06.2025,9,26.6
08.06.2025,10,24.5
08.06.2025,11,25.9
08.06.2025,12,27.2
08.06.2025,13,30.7
08.06.2025,14,31.0
08.06.2025,15,26.0
08.06.2025,16,27.0
08.06.2025,17,25.0
08.06.2025,18,21.7
08.06.2025,19,20.4
08.06.2025,20,20.7
08.06.2025,21,17.1
08.06.2025,22,17.6
08.06.2025,23,18.4
09.06.2025,0,16.7
09.06.2025,1,17.4
09.06.2025,2,21.0
09.06.2025,3,19.6
09.06.2025,4,23.0
09.06.2025,5,20.0
09.06.2025,6,24.7
09.06.2025,7,26.2
09.06.2025,8,28.4
09.06.2025,9,27.1
09.06.2025,10,30.5
09.06.2025,11,28.7
09.06.2025,12,31.3
09.06.2025,13,26.8
09.06.2025,14,27.1
09.06.2025,15,29.0
09.06.2025,16,26.3
09.06.2025,17,25.8
09.06.2025,18,23.7
09.06.2025,19,22.9
09.06.2025,20,21.4
09.06.2025,21,19.6
09.06.2025,22,18.4
09.06.2025,23,14.7
10.06.2025,0,19.3
10.06.2025,1,20.6
10.06.2025,2,21.3
10.06.2025,3,19.9
10.06.2025,4,24.0
10.06.2025,5,23.5
10.06.2025,6,25.3
10.06.2025,7,29.6
10.06.2025,8,28.6
10.06.2025,9,29.1
10.06.2025,10,31.4
10.06.2025,11,31.1
10.06.2025,12,32.2
10.06.2025,13,33.2
10.06.2025,14,31.0
10.06.2025,15,28.2
10.06.2025,16,27.4
10.06.2025,17,28.6
10.06.2025,18,27.4
10.06.2025,19,23.6
10.06.2025,20,22.2
10.06.2025,21,21.2
10.06.2025,22,21.3
10.06.2025,23,18.9
11.06.2025,0,28.6
11.06.2025,1,25.2
11.06.2025,2,25.3
11.06.2025,3,26.9
11.06.2025,4,29.6
11.06.2025,5,29.2
11.06.2025,6,32.0
11.06.2025,7,33.9
11.06.2025,8,34.5
11.06.2025,9,36.5
11.06.2025,10,39.7
11.06.2025,11,38.1
11.06.2025,12,39.7
11.06.2025,13,37.3
11.06.2025,14,33.1
11.06.2025,15,33.6
11.06.2025,16,33.9
11.06.2025,17,35.6
11.06.2025,18,33.3
11.06.2025,19,28.0
11.06.2025,20,26.9
11.06.2025,21,28.1
11.06.2025,22,27.9
11.06.2025,23,26.8
12.06.2025,0,22.3
12.06.2025,1,24.7
12.06.2025,2,26.8
12.06.2025,3,25.0
12.06.2025,4,29.2
12.06.2025,5,29.1
12.06.2025,6,28.6
12.06.2025,7,31.0
12.06.2025,8,30.8
12.06.2025,9,33.1
12.06.2025,10,30.9
12.06.2025,11,35.9
12.06.2025,12,35.2
12.06.2025,13,31.2
12.06.2025,14,35.6
12.06.2025,15,32.6
12.06.2025,16,30.7
12.06.2025,17,31.3
12.06.2025,18,29.1
12.06.2025,19,28.3
12.06.2025,20,26.0
12.06.2025,21,25.0
12.06.2025,22,23.3
12.06.2025,23,25.1
13.06.2025,0,19.9
13.06.2025,1,20.3
13.06.2025,2,23.5
13.06.2025,3,23.2
13.06.2025,4,22.7
13.06.2025,5,24.7
13.06.2025,6,28.9
13.06.2025,7,26.4
13.06.2025,8,30.7
13.06.2025,9,29.9
13.06.2025,10,31.8
13.06.2025,11,34.3
13.06.2025,12,34.2
13.06.2025,13,33.5
13.06.2025,14,32.6
13.06.2025,15,30.0
13.06.2025,16,31.5
13.06.2025,17,26.7
13.06.2025,18,27.5
13.06.2025,19,28.3
13.06.2025,20,21.7
13.06.2025,21,25.8
13.06.2025,22,21.3
13.06.2025,23,21.4
14.06.2025,0,21.5
14.06.2025,1,20.3
14.06.2025,2,24.6
14.06.2025,3,25.9
14.06.2025,4,24.6
14.06.2025,5,24.3
14.06.2025,6,25.2
14.06.2025,7,29.7
14.06.2025,8,29.6
14.06.2025,9,31.1
14.06.2025,10,33.8
14.06.2025,11,34.2
14.06.2025,12,36.2
14.06.2025,13,33.0
14.06.2025,14,33.4
14.06.2025,15,30.6
14.06.2025,16,30.2
14.06.2025,17,28.8
14.06.2025,18,28.6
14.06.2025,19,27.5
14.06.2025,20,26.5
14.06.2025,21,24.9
14.06.2025,22,21.7
14.06.2025,23,22.9
15.06.2025,0,15.8
15.06.2025,1,17.0
15.06.2025,2,19.5
15.06.2025,3,16.6
15.06.2025,4,19.6
15.06.2025,5,22.1
15.06.2025,6,22.0
15.06.2025,7,25.4
15.06.2025,8,24.6
15.06.2025,9,25.0
15.06.2025,10,30.0
15.06.2025,11,28.8
15.06.2025,12,29.0
15.06.2025,13,28.0
15.06.2025,14,28.9
15.06.2025,15,26.0
15.06.2025,16,27.6
15.06.2025,17,23.6
15.06.2025,18,24.8
15.06.2025,19,21.3
15.06.2025,20,19.6
15.06.2025,21,20.5
15.06.2025,22,16.7
15.06.2025,23,16.0
16.06.2025,0,17.0
16.06.2025,1,19.2
16.06.2025,2,19.8
16.06.2025,3,21.4
16.06.2025,4,22.0
16.06.2025,5,25.2
16.06.2025,6,22.6
16.06.2025,7,25.4
16.06.2025,8,27.9
16.06.2025,9,30.3
16.06.2025,10,31.6
16.06.2025,11,32.2
16.06.2025,12,32.8
16.06.2025,13,31.0
16.06.2025,14,30.7
16.06.2025,15,29.7
16.06.2025,16,28.3
16.06.2025,17,27.3
16.06.2025,18,24.0
16.06.2025,19,19.4
16.06.2025,20,26.1
16.06.2025,21,21.4
16.06.2025,22,18.3
16.06.2025,23,22.0
17.06.2025,0,27.2
17.06.2025,1,24.8
17.06.2025,2,28.2
17.06.2025,3,26.3
17.06.2025,4,28.4
17.06.2025,5,28.6
17.06.2025,6,32.3
17.06.2025,7,33.9
17.06.2025,8,37.2
17.06.2025,9,35.7
17.06.2025,10,36.8
17.06.2025,11,38.8
17.06.2025,12,37.5
17.06.2025,13,39.4
17.06.2025,14,35.9
17.06.2025,15,33.8
17.06.2025,16,33.7
17.06.2025,17,30.9
17.06.2025,18,30.9
17.06.2025,19,30.1
17.06.2025,20,26.5
17.06.2025,21,27.8
17.06.2025,22,24.4
17.06.2025,23,28.2
18.06.2025,0,10.1
18.06.2025,1,14.0
18.06.2025,2,13.2
18.06.2025,3,13.3
18.06.2025,4,14.5
18.06.2025,5,14.9
18.06.2025,6,18.1
18.06.2025,7,19.4
18.06.2025,8,21.7
18.06.2025,9,22.5
18.06.2025,10,22.0
18.06.2025,11,22.9
18.06.2025,12,26.3
18.06.2025,13,27.1
18.06.2025,14,20.7
18.06.2025,15,21.1
18.06.2025,16,21.8
18.06.2025,17,22.3
18.06.2025,18,19.4
18.06.2025,19,17.1
18.06.2025,20,17.9
18.06.2025,21,12.5
18.06.2025,22,10.6
18.06.2025,23,13.2
19.06.2025,0,19.4
19.06.2025,1,20.1
19.06.2025,2,19.6
19.06.2025,3,24.5
19.06.2025,4,23.4
19.06.2025,5,26.3
19.06.2025,6,28.7
19.06.2025,7,28.4
19.06.2025,8,31.1
19.06.2025,9,31.4
19.06.2025,10,29.8
19.06.2025,11,32.3
19.06.2025,12,30.0
19.06.2025,13,29.3
19.06.2025,14,34.4
19.06.2025,15,30.8
19.06.2025,16,29.2
19.06.2025,17,30.3
19.06.2025,18,27.2
19.06.2025,19,23.1
19.06.2025,20,26.3
19.06.2025,21,23.4
19.06.2025,22,23.1
19.06.2025,23,19.1
20.06.2025,0,24.4
20.06.2025,1,23.5
20.06.2025,2,24.1
20.06.2025,3,27.2
20.06.2025,4,26.2
20.06.2025,5,25.7
20.06.2025,6,26.9
20.06.2025,7,29.1
20.06.2025,8,34.0
20.06.2025,9,31.2
20.06.2025,10,31.3
20.06.2025,11,37.5
20.06.2025,12,35.5
20.06.2025,13,36.2
20.06.2025,14,33.3
20.06.2025,15,35.0
20.06.2025,16,32.4
20.06.2025,17,30.5
20.06.2025,18,31.0
20.06.2025,19,30.9
20.06.2025,20,25.8
20.06.2025,21,25.5
20.06.2025,22,25.4
20.06.2025,23,23.3
21.06.2025,0,17.0
21.06.2025,1,18.9
21.06.2025,2,17.8
21.06.2025,3,18.6
21.06.2025,4,17.8
21.06.2025,5,21.9
21.06.2025,6,23.4
21.06.2025,7,26.3
21.06.2025,8,25.8
21.06.2025,9,27.8
21.06.2025,10,28.0
21.06.2025,11,30.9
21.06.2025,12,28.3
21.06.2025,13,25.6
21.06.2025,14,25.7
21.06.2025,15,28.6
21.06.2025,16,25.5
21.06.2025,17,26.7
21.06.2025,18,22.4
21.06.2025,19,20.4
21.06.2025,20,19.7
21.06.2025,21,18.6
21.06.2025,22,16.0
21.06.2025,23,15.2
22.06.2025,0,13.5
22.06.2025,1,16.4
22.06.2025,2,15.5
22.06.2025,3,18.3
22.06.2025,4,16.0
22.06.2025,5,18.8
22.06.2025,6,20.6
22.06.2025,7,25.0
22.06.2025,8,22.2
22.06.2025,9,26.2
22.06.2025,10,25.7
22.06.2025,11,24.4
22.06.2025,12,27.0
22.06.2025,13,26.6
22.06.2025,14,23.1
22.06.2025,15,23.7
22.06.2025,16,24.0
22.06.2025,17,22.3
22.06.2025,18,18.6
22.06.2025,19,18.9
22.06.2025,20,18.4
22.06.2025,21,17.4
22.06.2025,22,18.7
22.06.2025,23,12.3
23.06.2025,0,22.9
23.06.2025,1,21.6
23.06.2025,2,23.0
23.06.2025,3,24.6
23.06.2025,4,23.2
23.06.2025,5,27.0
23.06.2025,6,27.2
23.06.2025,7,31.2
23.06.2025,8,31.6
23.06.2025,9,30.9
23.06.2025,10,34.4
23.06.2025,11,34.7
23.06.2025,12,34.4
23.06.2025,13,33.6
23.06.2025,14,33.5
23.06.2025,15,32.7
23.06.2025,16,32.7
23.06.2025,17,29.9
23.06.2025,18,28.6
23.06.2025,19,26.8
23.06.2025,20,25.9
23.06.2025,21,22.0
23.06.2025,22,22.4
23.06.2025,23,21.3
24.06.2025,0,11.4
24.06.2025,1,15.2
24.06.2025,2,14.2
24.06.2025,3,15.5
24.06.2025,4,17.5
24.06.2025,5,21.7
24.06.2025,6,17.0
24.06.2025,7,21.5
24.06.2025,8,21.3
24.06.2025,9,25.2
24.06.2025,10,27.0
24.06.2025,11,23.8
24.06.2025,12,23.8
24.06.2025,13,26.7
24.06.2025,14,27.8
24.06.2025,15,24.0
24.06.2025,16,22.0
24.06.2025,17,21.8
24.06.2025,18,19.0
24.06.2025,19,17.6
24.06.2025,20,14.9
24.06.2025,21,13.9
24.06.2025,22,16.5
24.06.2025,23,12.7
25.06.2025,0,20.8
25.06.2025,1,21.9
25.06.2025,2,24.0
25.06.2025,3,25.3
25.06.2025,4,26.0
25.06.2025,5,25.9
25.06.2025,6,28.8
25.06.2025,7,30.8
25.06.2025,8,31.3
25.06.2025,9,35.9
25.06.2025,10,30.9
25.06.2025,11,35.0
25.06.2025,12,33.1
25.06.2025,13,35.4
25.06.2025,14,32.7
25.06.2025,15,33.4
25.06.2025,16,31.2
25.06.2025,17,31.8
25.06.2025,18,29.4
25.06.2025,19,26.7
25.06.2025,20,24.3
25.06.2025,21,27.0
25.06.2025,22,23.3
25.06.2025,23,25.1
26.06.2025,0,22.1
26.06.2025,1,22.4
26.06.2025,2,24.4
26.06.2025,3,24.9
26.06.2025,4,28.1
26.06.2025,5,24.7
26.06.2025,6,27.4
26.06.2025,7,31.5
26.06.2025,8,31.6
26.06.2025,9,34.8
26.06.2025,10,35.7
26.06.2025,11,35.3
26.06.2025,12,36.3
26.06.2025,13,33.2
26.06.2025,14,33.6
26.06.2025,15,35.4
26.06.2025,16,30.4
26.06.2025,17,30.5
26.06.2025,18,28.5
26.06.2025,19,25.2
26.06.2025,20,24.9
26.06.2025,21,22.8
26.06.2025,22,23.7
26.06.2025,23,22.1
27.06.2025,0,24.2
27.06.2025,1,19.7
27.06.2025,2,22.1
27.06.2025,3,24.6
27.06.2025,4,23.4
27.06.2025,5,26.5
27.06.2025,6,26.3
27.06.2025,7,28.5
27.06.2025,8,29.8
27.06.2025,9,33.5
27.06.2025,10,32.9
27.06.2025,11,36.5
27.06.2025,12,33.0
27.06.2025,13,33.6
27.06.2025,14,33.4
27.06.2025,15,33.0
27.06.2025,16,30.5
27.06.2025,17,29.1
27.06.2025,18,25.1
27.06.2025,19,26.1
27.06.2025,20,23.3
27.06.2025,21,22.2
27.06.2025,22,18.3
27.06.2025,23,20.0
28.06.2025,0,16.0
28.06.2025,1,16.7
28.06.2025,2,17.0
28.06.2025,3,16.1
28.06.2025,4,19.4
28.06.2025,5,20.8
28.06.2025,6,19.4
28.06.2025,7,23.6
28.06.2025,8,28.1
28.06.2025,9,24.7
28.06.2025,10,27.1
28.06.2025,11,28.1
28.06.2025,12,27.2
28.06.2025,13,27.6
28.06.2025,14,26.8
28.06.2025,15,24.0
28.06.2025,16,23.8
28.06.2025,17,25.0
28.06.2025,18,21.2
28.06.2025,19,19.7
28.06.2025,20,20.1
28.06.2025,21,18.8
28.06.2025,22,18.1
28.06.2025,23,15.6
29.06.2025,0,13.4
29.06.2025,1,12.7
29.06.2025,2,12.1
29.06.2025,3,14.0
29.06.2025,4,14.3
29.06.2025,5,14.7
29.06.2025,6,21.1
29.06.2025,7,18.7
29.06.2025,8,19.3
29.06.2025,9,21.8
29.06.2025,10,26.0
29.06.2025,11,26.3
29.06.2025,12,25.9
29.06.2025,13,26.9
29.06.2025,14,25.7
29.06.2025,15,22.2
29.06.2025,16,21.6
29.06.2025,17,20.9
29.06.2025,18,19.2
29.06.2025,19,14.1
29.06.2025,20,14.8
29.06.2025,21,14.5
29.06.2025,22,13.6
29.06.2025,23,11.1
30.06.2025,0,21.2
30.06.2025,1,22.7
30.06.2025,2,24.0
30.06.2025,3,26.5
30.06.2025,4,27.5
30.06.2025,5,26.2
30.06.2025,6,28.0
30.06.2025,7,29.8
30.06.2025,8,32.1
30.06.2025,9,34.2
30.06.2025,10,34.8
30.06.2025,11,34.2
30.06.2025,12,33.2
30.06.2025,13,35.4
30.06.2025,14,34.1
30.06.2025,15,35.4
30.06.2025,16,34.8
30.06.2025,17,30.9
30.06.2025,18,31.7
30.06.2025,19,27.1
30.06.2025,20,26.9
30.06.2025,21,26.0
30.06.2025,22,23.0
30.06.2025,23,26.0
01.07.2025,0,22.3
01.07.2025,1,20.2
01.07.2025,2,21.3
01.07.2025,3,23.5
01.07.2025,4,22.6
01.07.2025,5,25.7
01.07.2025,6,28.8
01.07.2025,7,29.3
01.07.2025,8,31.9
01.07.2025,9,31.6
01.07.2025,10,33.5
01.07.2025,11,34.6
01.07.2025,12,32.8
01.07.2025,13,31.8
01.07.2025,14,33.1
01.07.2025,15,32.5
01.07.2025,16,30.7
01.07.2025,17,29.7
01.07.2025,18,28.6
01.07.2025,19,25.5
01.07.2025,20,21.0
01.07.2025,21,24.5
01.07.2025,22,22.2
01.07.2025,23,24.3
02.07.2025,0,23.0
02.07.2025,1,22.7
02.07.2025,2,22.7
02.07.2025,3,27.5
02.07.2025,4,24.6
02.07.2025,5,28.4
02.07.2025,6,32.1
02.07.2025,7,32.9
02.07.2025,8,33.2
02.07.2025,9,36.0
02.07.2025,10,36.4
02.07.2025,11,36.4
02.07.2025,12,35.2
02.07.2025,13,37.6
02.07.2025,14,35.0
02.07.2025,15,34.6
02.07.2025,16,32.5
02.07.2025,17,34.0
02.07.2025,18,28.7
02.07.2025,19,27.9
02.07.2025,20,24.3
02.07.2025,21,27.3
02.07.2025,22,26.4
02.07.2025,23,25.6
03.07.2025,0,18.2
03.07.2025,1,19.3
03.07.2025,2,17.8
03.07.2025,3,20.6
03.07.2025,4,20.1
03.07.2025,5,22.6
03.07.2025,6,22.3
03.07.2025,7,26.6
03.07.2025,8,28.9
03.07.2025,9,28.1
03.07.2025,10,29.3
03.07.2025,11,30.0
03.07.2025,12,30.7
03.07.2025,13,29.3
03.07.2025,14,29.1
03.07.2025,15,27.3
03.07.2025,16,29.2
03.07.2025,17,23.5
03.07.2025,18,23.3
03.07.2025,19,24.2
03.07.2025,20,18.3
03.07.2025,21,20.7
03.07.2025,22,15.1
03.07.2025,23,19.8
04.07.2025,0,22.4
04.07.2025,1,21.9
04.07.2025,2,20.4
04.07.2025,3,23.7
04.07.2025,4,23.6
04.07.2025,5,25.9
04.07.2025,6,24.3
04.07.2025,7,29.3
04.07.2025,8,29.2
04.07.2025,9,30.8
04.07.2025,10,30.9
04.07.2025,11,33.3
04.07.2025,12,30.9
04.07.2025,13,34.7
04.07.2025,14,32.8
04.07.2025,15,31.6
04.07.2025,16,31.0
04.07.2025,17,28.3
04.07.2025,18,27.2
04.07.2025,19,28.0
04.07.2025,20,26.3
04.07.2025,21,21.4
04.07.2025,22,23.5
04.07.2025,23,23.8
05.07.2025,0,20.4
05.07.2025,1,23.6
05.07.2025,2,23.7
05.07.2025,3,22.0
05.07.2025,4,24.1
05.07.2025,5,24.3
05.07.2025,6,28.4
05.07.2025,7,30.9
05.07.2025,8,30.5
05.07.2025,9,31.1
05.07.2025,10,33.0
05.07.2025,11,38.9
05.07.2025,12,32.0
05.07.2025,13,33.8
05.07.2025,14,31.8
05.07.2025,15,32.1
05.07.2025,16,30.6
05.07.2025,17,28.9
05.07.2025,18,28.7
05.07.2025,19,23.4
05.07.2025,20,25.3
05.07.2025,21,21.6
05.07.2025,22,23.0
05.07.2025,23,20.2
06.07.2025,0,14.6
06.07.2025,1,15.6
06.07.2025,2,15.5
06.07.2025,3,16.1
06.07.2025,4,16.8
06.07.2025,5,19.2
06.07.2025,6,20.2
06.07.2025,7,25.2
06.07.2025,8,24.0
06.07.2025,9,27.0
06.07.2025,10,24.1
06.07.2025,11,25.6
06.07.2025,12,28.0
06.07.2025,13,27.3
06.07.2025,14,26.6
06.07.2025,15,29.4
06.07.2025,16,24.4
06.07.2025,17,20.9
06.07.2025,18,20.6
06.07.2025,19,18.7
06.07.2025,20,17.8
06.07.2025,21,15.9
06.07.2025,22,15.4
06.07.2025,23,15.5
07.07.2025,0,19.4
07.07.2025,1,18.2
07.07.2025,2,21.1
07.07.2025,3,21.8
07.07.2025,4,21.1
07.07.2025,5,23.6
07.07.2025,6,25.7
07.07.2025,7,24.1
07.07.2025,8,26.0
07.07.2025,9,24.7
07.07.2025,10,30.0
07.07.2025,11,30.0
07.07.2025,12,29.9
07.07.2025,13,28.8
07.07.2025,14,28.5
07.07.2025,15,28.3
07.07.2025,16,27.3
07.07.2025,17,26.9
07.07.2025,18,24.4
07.07.2025,19,22.7
07.07.2025,20,22.2
07.07.2025,21,22.0
07.07.2025,22,22.2
07.07.2025,23,16.6
08.07.2025,0,24.9
08.07.2025,1,24.5
08.07.2025,2,24.3
08.07.2025,3,25.6
08.07.2025,4,27.3
08.07.2025,5,25.8
08.07.2025,6,30.8
08.07.2025,7,33.7
08.07.2025,8,34.7
08.07.2025,9,35.2
08.07.2025,10,34.4
08.07.2025,11,37.0
08.07.2025,12,36.0
08.07.2025,13,36.2
08.07.2025,14,37.6
08.07.2025,15,35.6
08.07.2025,16,30.6
08.07.2025,17,28.5
08.07.2025,18,31.0
08.07.2025,19,32.8
08.07.2025,20,26.2
08.07.2025,21,24.1
08.07.2025,22,24.8
08.07.2025,23,26.9
09.07.2025,0,24.0
09.07.2025,1,18.4
09.07.2025,2,19.9
09.07.2025,3,20.3
09.07.2025,4,23.0
09.07.2025,5,24.2
09.07.2025,6,28.8
09.07.2025,7,25.7
09.07.2025,8,32.3
09.07.2025,9,30.1
09.07.2025,10,30.7
09.07.2025,11,34.1
09.07.2025,12,35.3
09.07.2025,13,31.0
09.07.2025,14,33.3
09.07.2025,15,29.7
09.07.2025,16,28.1
09.07.2025,17,27.7
09.07.2025,18,26.5
09.07.2025,19,26.3
09.07.2025,20,21.4
09.07.2025,21,21.7
09.07.2025,22,21.1
09.07.2025,23,20.0
10.07.2025,0,15.3
10.07.2025,1,18.0
10.07.2025,2,17.4
10.07.2025,3,17.6
10.07.2025,4,19.8
10.07.2025,5,21.5
10.07.2025,6,23.1
10.07.2025,7,24.7
10.07.2025,8,24.5
10.07.2025,9,27.2
10.07.2025,10,26.8
10.07.2025,11,30.8
10.07.2025,12,28.9
10.07.2025,13,28.8
10.07.2025,14,28.7
10.07.2025,15,25.8
10.07.2025,16,26.8
10.07.2025,17,24.5
10.07.2025,18,21.0
10.07.2025,19,20.2
10.07.2025,20,20.0
10.07.2025,21,17.5
10.07.2025,22,17.4
10.07.2025,23,14.9
11.07.2025,0,20.4
11.07.2025,1,17.1
11.07.2025,2,20.6
11.07.2025,3,21.8
11.07.2025,4,18.8
11.07.2025,5,23.2
11.07.2025,6,25.2
11.07.2025,7,26.3
11.07.2025,8,28.8
11.07.2025,9,27.6
11.07.2025,10,31.1
11.07.2025,11,33.2
11.07.2025,12,32.0
11.07.2025,13,31.4
11.07.2025,14,30.1
11.07.2025,15,28.8
11.07.2025,16,27.6
11.07.2025,17,26.6
11.07.2025,18,26.2
11.07.2025,19,23.5
11.07.2025,20,18.8
11.07.2025,21,20.1
11.07.2025,22,20.0
11.07.2025,23,19.8
12.07.2025,0,21.9
12.07.2025,1,22.8
12.07.2025,2,22.9
12.07.2025,3,23.3
12.07.2025,4,26.5
12.07.2025,5,27.4
12.07.2025,6,30.0
12.07.2025,7,29.4
12.07.2025,8,33.9
12.07.2025,9,30.9
12.07.2025,10,34.6
12.07.2025,11,32.8
12.07.2025,12,33.8
12.07.2025,13,33.4
12.07.2025,14,34.1
12.07.2025,15,33.9
12.07.2025,16,31.1
12.07.2025,17,29.7
12.07.2025,18,29.1
12.07.2025,19,27.0
12.07.2025,20,26.9
12.07.2025,21,25.3
12.07.2025,22,20.4
12.07.2025,23,22.8
13.07.2025,0,15.4
13.07.2025,1,17.5
13.07.2025,2,16.4
13.07.2025,3,20.1
13.07.2025,4,19.5
13.07.2025,5,19.6
13.07.2025,6,24.5
13.07.2025,7,27.5
13.07.2025,8,26.2
13.07.2025,9,26.9
13.07.2025,10,28.4
13.07.2025,11,30.2
13.07.2025,12,28.5
13.07.2025,13,28.0
13.07.2025,14,28.6
13.07.2025,15,23.8
13.07.2025,16,27.2
13.07.2025,17,26.8
13.07.2025,18,26.4
13.07.2025,19,24.0
13.07.2025,20,21.5
13.07.2025,21,19.8
13.07.2025,22,17.9
13.07.2025,23,15.3
14.07.2025,0,18.1
14.07.2025,1,17.4
14.07.2025,2,16.6
14.07.2025,3,21.4
14.07.2025,4,22.3
14.07.2025,5,24.0
14.07.2025,6,25.6
14.07.2025,7,26.9
14.07.2025,8,28.1
14.07.2025,9,25.3
14.07.2025,10,29.1
14.07.2025,11,30.2
14.07.2025,12,32.4
14.07.2025,13,31.6
14.07.2025,14,28.0
14.07.2025,15,27.5
14.07.2025,16,27.1
14.07.2025,17,25.6
14.07.2025,18,25.7
14.07.2025,19,21.4
14.07.2025,20,23.4
14.07.2025,21,20.3
14.07.2025,22,17.8
14.07.2025,23,18.9
15.07.2025,0,18.2
15.07.2025,1,13.0
15.07.2025,2,18.9
15.07.2025,3,17.1
15.07.2025,4,19.2
15.07.2025,5,20.9
15.07.2025,6,20.7
15.07.2025,7,23.5
15.07.2025,8,24.6
15.07.2025,9,25.4
15.07.2025,10,27.6
15.07.2025,11,26.1
15.07.2025,12,29.2
15.07.2025,13,28.5
15.07.2025,14,27.3
15.07.2025,15,25.8
15.07.2025,16,24.8
15.07.2025,17,23.9
15.07.2025,18,21.6
15.07.2025,19,19.9
15.07.2025,20,18.6
15.07.2025,21,16.8
15.07.2025,22,19.3
15.07.2025,23,16.0
16.07.2025,0,18.8
16.07.2025,1,19.3
16.07.2025,2,22.5
16.07.2025,3,23.3
16.07.2025,4,26.8
16.07.2025,5,27.6
16.07.2025,6,26.9
16.07.2025,7,28.7
16.07.2025,8,30.0
16.07.2025,9,34.1
16.07.2025,10,34.0
16.07.2025,11,35.8
16.07.2025,12,31.8
16.07.2025,13,33.3
16.07.2025,14,31.0
16.07.2025,15,29.3
16.07.2025,16,31.3
16.07.2025,17,30.1
16.07.2025,18,28.0
16.07.2025,19,27.1
16.07.2025,20,26.7
16.07.2025,21,23.1
16.07.2025,22,22.2
16.07.2025,23,21.8
17.07.2025,0,20.2
17.07.2025,1,20.0
17.07.2025,2,21.2
17.07.2025,3,21.1
17.07.2025,4,24.4
17.07.2025,5,28.3
17.07.2025,6,26.2
17.07.2025,7,31.2
17.07.2025,8,31.5
17.07.2025,9,32.3
17.07.2025,10,33.0
17.07.2025,11,34.0
17.07.2025,12,33.3
17.07.2025,13,32.2
17.07.2025,14,31.9
17.07.2025,15,29.8
17.07.2025,16,28.5
17.07.2025,17,30.1
17.07.2025,18,28.6
17.07.2025,19,26.8
17.07.2025,20,26.1
17.07.2025,21,23.0
17.07.2025,22,22.2
17.07.2025,23,21.3
18.07.2025,0,11.2
18.07.2025,1,13.8
18.07.2025,2,15.1
18.07.2025,3,16.4
18.07.2025,4,16.9
18.07.2025,5,20.7
18.07.2025,6,19.8
18.07.2025,7,22.3
18.07.2025,8,21.0
18.07.2025,9,23.9
18.07.2025,10,22.8
18.07.2025,11,28.8
18.07.2025,12,23.2
18.07.2025,13,26.0
18.07.2025,14,21.8
18.07.2025,15,24.0
18.07.2025,16,24.1
18.07.2025,17,22.5
18.07.2025,18,21.1
18.07.2025,19,17.6
18.07.2025,20,17.0
18.07.2025,21,14.1
18.07.2025,22,14.1
18.07.2025,23,12.6
19.07.2025,0,16.6
19.07.2025,1,14.5
19.07.2025,2,15.5
19.07.2025,3,16.1
19.07.2025,4,18.3
19.07.2025,5,19.8
19.07.2025,6,20.5
19.07.2025,7,22.9
19.07.2025,8,24.6
19.07.2025,9,26.3
19.07.2025,10,28.0
19.07.2025,11,29.9
19.07.2025,12,29.8
19.07.2025,13,28.3
19.07.2025,14,26.9
19.07.2025,15,23.2
19.07.2025,16,25.4
19.07.2025,17,22.3
19.07.2025,18,23.4
19.07.2025,19,17.7
19.07.2025,20,20.3
19.07.2025,21,17.9
19.07.2025,22,15.2
19.07.2025,23,15.6
20.07.2025,0,11.9
20.07.2025,1,13.7
20.07.2025,2,13.4
20.07.2025,3,15.4
20.07.2025,4,17.0
20.07.2025,5,18.4
20.07.2025,6,16.1
20.07.2025,7,20.6
20.07.2025,8,20.7
20.07.2025,9,25.4
20.07.2025,10,24.7
20.07.2025,11,23.9
20.07.2025,12,24.9
20.07.2025,13,26.7
20.07.2025,14,24.8
20.07.2025,15,24.3
20.07.2025,16,23.4
20.07.2025,17,18.6
20.07.2025,18,18.5
20.07.2025,19,15.8
20.07.2025,20,17.3
20.07.2025,21,12.6
20.07.2025,22,12.6
20.07.2025,23,13.7
21.07.2025,0,15.4
21.07.2025,1,15.0
21.07.2025,2,17.2
21.07.2025,3,18.0
21.07.2025,4,18.8
21.07.2025,5,19.2
21.07.2025,6,21.9
21.07.2025,7,24.2
21.07.2025,8,21.5
21.07.2025,9,28.2
21.07.2025,10,27.8
21.07.2025,11,28.0
21.07.2025,12,26.7
21.07.2025,13,25.9
21.07.2025,14,27.0
21.07.2025,15,25.5
21.07.2025,16,27.5
21.07.2025,17,24.3
21.07.2025,18,20.2
21.07.2025,19,19.9
21.07.2025,20,18.3
21.07.2025,21,17.2
21.07.2025,22,15.8
21.07.2025,23,17.4
22.07.2025,0,16.4
22.07.2025,1,16.2
22.07.2025,2,16.9
22.07.2025,3,22.1
22.07.2025,4,22.8
22.07.2025,5,22.4
22.07.2025,6,20.5
22.07.2025,7,26.6
22.07.2025,8,26.0
22.07.2025,9,27.6
22.07.2025,10,26.3
22.07.2025,11,31.2
22.07.2025,12,28.0
22.07.2025,13,28.1
22.07.2025,14,30.0
22.07.2025,15,27.6
22.07.2025,16,28.1
22.07.2025,17,25.0
22.07.2025,18,23.6
22.07.2025,19,22.6
22.07.2025,20,20.0
22.07.2025,21,20.0
22.07.2025,22,18.4
22.07.2025,23,14.8
23.07.2025,0,23.2
23.07.2025,1,24.2
23.07.2025,2,25.1
23.07.2025,3,24.1
23.07.2025,4,26.7
23.07.2025,5,29.5
23.07.2025,6,28.4
23.07.2025,7,28.0
23.07.2025,8,32.1
23.07.2025,9,34.0
23.07.2025,10,34.0
23.07.2025,11,35.1
23.07.2025,12,33.3
23.07.2025,13,36.3
23.07.2025,14,34.0
23.07.2025,15,31.9
23.07.2025,16,32.4
23.07.2025,17,31.7
23.07.2025,18,26.3
23.07.2025,19,27.3
23.07.2025,20,25.6
23.07.2025,21,23.7
23.07.2025,22,23.5
23.07.2025,23,23.7
24.07.2025,0,18.3
24.07.2025,1,19.3
24.07.2025,2,19.6
24.07.2025,3,21.7
24.07.2025,4,19.3
24.07.2025,5,25.6
24.07.2025,6,25.4
24.07.2025,7,26.5
24.07.2025,8,27.7
24.07.2025,9,28.0
24.07.2025,10,31.7
24.07.2025,11,29.8
24.07.2025,12,30.3
24.07.2025,13,30.9
24.07.2025,14,29.2
24.07.2025,15,26.9
24.07.2025,16,25.2
24.07.2025,17,27.0
24.07.2025,18,23.7
24.07.2025,19,24.3
24.07.2025,20,21.5
24.07.2025,21,19.9
24.07.2025,22,17.7
24.07.2025,23,17.1
25.07.2025,0,17.7
25.07.2025,1,15.3
25.07.2025,2,13.7
25.07.2025,3,16.7
25.07.2025,4,17.8
25.07.2025,5,20.5
25.07.2025,6,21.8
25.07.2025,7,21.2
25.07.2025,8,22.8
25.07.2025,9,23.9
25.07.2025,10,24.2
25.07.2025,11,26.5
25.07.2025,12,25.9
25.07.2025,13,26.0
25.07.2025,14,24.7
25.07.2025,15,22.3
25.07.2025,16,20.4
25.07.2025,17,24.0
25.07.2025,18,20.2
25.07.2025,19,18.3
25.07.2025,20,17.1
25.07.2025,21,15.4
25.07.2025,22,13.9
25.07.2025,23,14.5
26.07.2025,0,11.6
26.07.2025,1,11.3
26.07.2025,2,9.7
26.07.2025,3,14.2
26.07.2025,4,16.7
26.07.2025,5,18.7
26.07.2025,6,16.0
26.07.2025,7,21.4
26.07.2025,8,21.5
26.07.2025,9,21.0
26.07.2025,10,23.3
26.07.2025,11,24.7
26.07.2025,12,20.5
26.07.2025,13,23.6
26.07.2025,14,23.7
26.07.2025,15,22.6
26.07.2025,16,20.5
26.07.2025,17,20.3
26.07.2025,18,16.7
26.07.2025,19,15.9
26.07.2025,20,17.2
26.07.2025,21,12.6
26.07.2025,22,13.4
26.07.2025,23,12.9
27.07.2025,0,17.7
27.07.2025,1,16.8
27.07.2025,2,13.0
27.07.2025,3,18.0
27.07.2025,4,20.7
27.07.2025,5,19.5
27.07.2025,6,19.8
27.07.2025,7,23.1
27.07.2025,8,25.3
27.07.2025,9,25.0
27.07.2025,10,28.1
27.07.2025,11,26.1
27.07.2025,12,25.4
27.07.2025,13,24.5
27.07.2025,14,25.5
27.07.2025,15,28.6
27.07.2025,16,22.8
27.07.2025,17,21.3
27.07.2025,18,22.0
27.07.2025,19,21.3
27.07.2025,20,20.0
27.07.2025,21,16.5
27.07.2025,22,20.0
27.07.2025,23,15.1
28.07.2025,0,24.9
28.07.2025,1,22.8
28.07.2025,2,24.8
28.07.2025,3,20.8
28.07.2025,4,24.6
28.07.2025,5,27.3
28.07.2025,6,27.1
28.07.2025,7,29.3
28.07.2025,8,30.3
28.07.2025,9,32.1
28.07.2025,10,33.2
28.07.2025,11,30.3
28.07.2025,12,32.4
28.07.2025,13,31.5
28.07.2025,14,34.9
28.07.2025,15,30.3
28.07.2025,16,29.5
28.07.2025,17,28.9
28.07.2025,18,24.9
28.07.2025,19,25.4
28.07.2025,20,22.9
28.07.2025,21,22.7
28.07.2025,22,21.7
28.07.2025,23,19.8
29.07.2025,0,17.2
29.07.2025,1,13.7
29.07.2025,2,19.1
29.07.2025,3,14.5
29.07.2025,4,19.7
29.07.2025,5,19.7
29.07.2025,6,20.8
29.07.2025,7,22.4
29.07.2025,8,25.3
29.07.2025,9,26.2
29.07.2025,10,27.4
29.07.2025,11,28.2
29.07.2025,12,23.6
29.07.2025,13,28.3
29.07.2025,14,24.6
29.07.2025,15,25.4
29.07.2025,16,23.9
29.07.2025,17,23.5
29.07.2025,18,19.4
29.07.2025,19,17.5
29.07.2025,20,17.2
29.07.2025,21,16.9
29.07.2025,22,17.4
29.07.2025,23,15.0
30.07.2025,0,25.4
30.07.2025,1,23.9
30.07.2025,2,26.8
30.07.2025,3,30.1
30.07.2025,4,29.9
30.07.2025,5,30.4
30.07.2025,6,32.0
30.07.2025,7,30.2
30.07.2025,8,36.5
30.07.2025,9,35.5
30.07.2025,10,36.7
30.07.2025,11,38.0
30.07.2025,12,38.6
30.07.2025,13,36.8
30.07.2025,14,39.4
30.07.2025,15,36.0
30.07.2025,16,35.9
30.07.2025,17,34.7
30.07.2025,18,32.7
30.07.2025,19,30.8
30.07.2025,20,29.6
30.07.2025,21,27.6
30.07.2025,22,28.1
30.07.2025,23,27.5
31.07.2025,0,23.5
31.07.2025,1,22.7
31.07.2025,2,25.0
31.07.2025,3,25.6
31.07.2025,4,25.9
31.07.2025,5,27.9
31.07.2025,6,26.6
31.07.2025,7,32.8
31.07.2025,8,34.4
31.07.2025,9,32.7
31.07.2025,10,34.9
31.07.2025,11,37.1
31.07.2025,12,35.4
31.07.2025,13,34.0
31.07.2025,14,37.4
31.07.2025,15,32.0
31.07.2025,16,33.1
31.07.2025,17,30.6
31.07.2025,18,29.1
31.07.2025,19,28.5
31.07.2025,20,29.1
31.07.2025,21,27.1
31.07.2025,22,22.3
31.07.2025,23,24.7
01.08.2025,0,14.3
01.08.2025,1,15.9
01.08.2025,2,18.8
01.08.2025,3,16.4
01.08.2025,4,15.7
01.08.2025,5,19.3
01.08.2025,6,23.8
01.08.2025,7,23.3
01.08.2025,8,24.0
01.08.2025,9,28.9
01.08.2025,10,25.6
01.08.2025,11,27.0
01.08.2025,12,29.8
01.08.2025,13,27.9
01.08.2025,14,23.9
01.08.2025,15,26.7
01.08.2025,16,23.0
01.08.2025,17,20.7
01.08.2025,18,22.6
01.08.2025,19,20.3
01.08.2025,20,19.3
01.08.2025,21,17.6
01.08.2025,22,14.6
01.08.2025,23,17.5
02.08.2025,0,17.9
02.08.2025,1,18.8
02.08.2025,2,16.9
02.08.2025,3,19.1
02.08.2025,4,20.9
02.08.2025,5,19.9
02.08.2025,6,24.9
02.08.2025,7,28.7
02.08.2025,8,29.8
02.08.2025,9,30.2
02.08.2025,10,28.9
02.08.2025,11,31.1
02.08.2025,12,27.2
02.08.2025,13,29.4
02.08.2025,14,26.5
02.08.2025,15,28.4
02.08.2025,16,25.1
02.08.2025,17,24.4
02.08.2025,18,24.8
02.08.2025,19,22.4
02.08.2025,20,20.5
02.08.2025,21,19.7
02.08.2025,22,16.9
02.08.2025,23,20.2
03.08.2025,0,17.1
03.08.2025,1,15.7
03.08.2025,2,15.5
03.08.2025,3,19.6
03.08.2025,4,18.9
03.08.2025,5,20.1
03.08.2025,6,21.0
03.08.2025,7,22.6
03.08.2025,8,25.6
03.08.2025,9,25.4
03.08.2025,10,28.2
03.08.2025,11,27.0
03.08.2025,12,27.1
03.08.2025,13,25.1
03.08.2025,14,27.5
03.08.2025,15,27.7
03.08.2025,16,25.2
03.08.2025,17,23.7
03.08.2025,18,19.5
03.08.2025,19,17.9
03.08.2025,20,18.8
03.08.2025,21,18.6
03.08.2025,22,16.3
03.08.2025,23,14.0
04.08.2025,0,14.6
04.08.2025,1,13.5
04.08.2025,2,15.8
04.08.2025,3,18.7
04.08.2025,4,17.4
04.08.2025,5,18.5
04.08.2025,6,21.7
04.08.2025,7,23.1
04.08.2025,8,22.4
04.08.2025,9,26.2
04.08.2025,10,25.0
04.08.2025,11,26.7
04.08.2025,12,26.7
04.08.2025,13,25.6
04.08.2025,14,27.6
04.08.2025,15,23.3
04.08.2025,16,23.2
04.08.2025,17,21.9
04.08.2025,18,20.0
04.08.2025,19,18.7
04.08.2025,20,17.5
04.08.2025,21,15.9
04.08.2025,22,13.9
04.08.2025,23,13.8
05.08.2025,0,18.6
05.08.2025,1,18.1
05.08.2025,2,19.8
05.08.2025,3,18.7
05.08.2025,4,21.1
05.08.2025,5,24.3
05.08.2025,6,22.9
05.08.2025,7,26.2
05.08.2025,8,26.4
05.08.2025,9,27.7
05.08.2025,10,28.9
05.08.2025,11,30.3
05.08.2025,12,30.2
05.08.2025,13,28.8
05.08.2025,14,27.6
05.08.2025,15,29.6
05.08.2025,16,26.1
05.08.2025,17,25.6
05.08.2025,18,24.3
05.08.2025,19,22.7
05.08.2025,20,19.1
05.08.2025,21,19.8
05.08.2025,22,16.7
05.08.2025,23,19.5
06.08.2025,0,11.4
06.08.2025,1,12.4
06.08.2025,2,15.2
06.08.2025,3,14.3
06.08.2025,4,16.2
06.08.2025,5,16.8
06.08.2025,6,22.4
06.08.2025,7,20.9
06.08.2025,8,22.1
06.08.2025,9,24.3
06.08.2025,10,25.2
06.08.2025,11,27.1
06.08.2025,12,23.1
06.08.2025,13,26.2
06.08.2025,14,24.0
06.08.2025,15,23.0
06.08.2025,16,23.9
06.08.2025,17,23.0
06.08.2025,18,19.4
06.08.2025,19,16.9
06.08.2025,20,15.4
06.08.2025,21,13.3
06.08.2025,22,13.3
06.08.2025,23,11.8
07.08.2025,0,21.3
07.08.2025,1,21.1
07.08.2025,2,21.5
07.08.2025,3,20.2
07.08.2025,4,23.0
07.08.2025,5,23.6
07.08.2025,6,27.2
07.08.2025,7,30.5
07.08.2025,8,30.3
07.08.2025,9,29.9
07.08.2025,10,32.4
07.08.2025,11,30.3
07.08.2025,12,32.0
07.08.2025,13,32.1
07.08.2025,14,31.6
07.08.2025,15,28.9
07.08.2025,16,28.7
07.08.2025,17,27.9
07.08.2025,18,25.8
07.08.2025,19,21.7
07.08.2025,20,25.7
07.08.2025,21,22.2
07.08.2025,22,23.0
07.08.2025,23,19.7
08.08.2025,0,24.9
08.08.2025,1,24.4
08.08.2025,2,23.3
08.08.2025,3,24.7
08.08.2025,4,26.6
08.08.2025,5,25.8
08.08.2025,6,30.1
08.08.2025,7,31.5
08.08.2025,8,31.9
08.08.2025,9,37.8
08.08.2025,10,34.8
08.08.2025,11,35.8
08.08.2025,12,38.0
08.08.2025,13,36.9
08.08.2025,14,35.0
08.08.2025,15,36.4
08.08.2025,16,32.8
08.08.2025,17,32.0
08.08.2025,18,29.2
08.08.2025,19,29.2
08.08.2025,20,26.5
08.08.2025,21,25.1
08.08.2025,22,25.2
08.08.2025,23,23.9
09.08.2025,0,21.9
09.08.2025,1,19.9
09.08.2025,2,21.7
09.08.2025,3,22.8
09.08.2025,4,23.6
09.08.2025,5,28.8
09.08.2025,6,26.7
09.08.2025,7,28.1
09.08.2025,8,28.6
09.08.2025,9,32.6
09.08.2025,10,31.6
09.08.2025,11,34.0
09.08.2025,12,33.8
09.08.2025,13,33.8
09.08.2025,14,33.4
09.08.2025,15,32.7
09.08.2025,16,33.0
09.08.2025,17,29.0
09.08.2025,18,28.6
09.08.2025,19,25.5
09.08.2025,20,25.7
09.08.2025,21,23.6
09.08.2025,22,19.8
09.08.2025,23,20.2
10.08.2025,0,26.5
10.08.2025,1,28.2
10.08.2025,2,27.5
10.08.2025,3,28.7
10.08.2025,4,29.3
10.08.2025,5,31.2
10.08.2025,6,29.6
10.08.2025,7,31.8
10.08.2025,8,33.1
10.08.2025,9,36.8
10.08.2025,10,36.9
10.08.2025,11,36.8
10.08.2025,12,39.4
10.08.2025,13,38.7
10.08.2025,14,34.9
10.08.2025,15,36.3
10.08.2025,16,34.3
10.08.2025,17,33.0
10.08.2025,18,31.1
10.08.2025,19,30.5
10.08.2025,20,26.7
10.08.2025,21,26.3
10.08.2025,22,26.4
10.08.2025,23,26.4
11.08.2025,0,15.9
11.08.2025,1,15.0
11.08.2025,2,16.2
11.08.2025,3,17.8
11.08.2025,4,21.0
11.08.2025,5,23.0
11.08.2025,6,25.5
11.08.2025,7,23.2
11.08.2025,8,23.3
11.08.2025,9,26.3
11.08.2025,10,27.6
11.08.2025,11,23.2
11.08.2025,12,28.8
11.08.2025,13,29.8
11.08.2025,14,27.8
11.08.2025,15,25.0
11.08.2025,16,26.8
11.08.2025,17,23.9
11.08.2025,18,24.0
11.08.2025,19,20.4
11.08.2025,20,20.2
11.08.2025,21,17.0
11.08.2025,22,16.9
11.08.2025,23,15.4
12.08.2025,0,13.6
12.08.2025,1,16.3
12.08.2025,2,15.6
12.08.2025,3,17.5
12.08.2025,4,14.6
12.08.2025,5,18.1
12.08.2025,6,21.5
12.08.2025,7,23.0
12.08.2025,8,25.6
12.08.2025,9,26.7
12.08.2025,10,28.3
12.08.2025,11,25.5
12.08.2025,12,27.6
12.08.2025,13,27.2
12.08.2025,14,25.6
12.08.2025,15,25.2
12.08.2025,16,24.1
12.08.2025,17,21.2
12.08.2025,18,21.7
12.08.2025,19,20.0
12.08.2025,20,17.4
12.08.2025,21,16.8
12.08.2025,22,15.5
12.08.2025,23,13.8
13.08.2025,0,13.4
13.08.2025,1,12.4
13.08.2025,2,13.0
13.08.2025,3,15.2
13.08.2025,4,15.3
13.08.2025,5,17.5
13.08.2025,6,17.0
13.08.2025,7,19.2
13.08.2025,8,21.6
13.08.2025,9,25.8
13.08.2025,10,26.1
13.08.2025,11,24.1
13.08.2025,12,24.6
13.08.2025,13,27.0
13.08.2025,14,24.3
13.08.2025,15,26.5
13.08.2025,16,21.7
13.08.2025,17,21.5
13.08.2025,18,19.7
13.08.2025,19,16.1
13.08.2025,20,15.2
13.08.2025,21,13.3
13.08.2025,22,11.1
13.08.2025,23,12.5
14.08.2025,0,19.0
14.08.2025,1,20.2
14.08.2025,2,20.9
14.08.2025,3,22.7
14.08.2025,4,25.4
14.08.2025,5,26.4
14.08.2025,6,24.4
14.08.2025,7,29.3
14.08.2025,8,28.5
14.08.2025,9,32.7
14.08.2025,10,32.6
14.08.2025,11,31.7
14.08.2025,12,32.2
14.08.2025,13,32.8
14.08.2025,14,29.7
14.08.2025,15,30.4
14.08.2025,16,30.7
14.08.2025,17,27.7
14.08.2025,18,27.7
14.08.2025,19,26.2
14.08.2025,20,23.7
14.08.2025,21,25.3
14.08.2025,22,20.8
14.08.2025,23,18.8
15.08.2025,0,18.8
15.08.2025,1,23.7
15.08.2025,2,22.2
15.08.2025,3,21.3
15.08.2025,4,25.2
15.08.2025,5,25.6
15.08.2025,6,24.6
15.08.2025,7,26.3
15.08.2025,8,30.6
15.08.2025,9,29.7
15.08.2025,10,32.6
15.08.2025,11,30.6
15.08.2025,12,32.4
15.08.2025,13,29.4
15.08.2025,14,29.6
15.08.2025,15,29.6
15.08.2025,16,28.5
15.08.2025,17,29.0
15.08.2025,18,28.2
15.08.2025,19,27.4
15.08.2025,20,23.4
15.08.2025,21,21.2
15.08.2025,22,22.4
15.08.2025,23,20.5
16.08.2025,0,22.3
16.08.2025,1,25.1
16.08.2025,2,24.7
16.08.2025,3,23.4
16.08.2025,4,27.0
16.08.2025,5,26.9
16.08.2025,6,28.5
16.08.2025,7,32.5
16.08.2025,8,32.5
16.08.2025,9,33.3
16.08.2025,10,34.0
16.08.2025,11,34.3
16.08.2025,12,32.2
16.08.2025,13,32.2
16.08.2025,14,31.6
16.08.2025,15,33.7
16.08.2025,16,33.5
16.08.2025,17,29.5
16.08.2025,18,26.9
16.08.2025,19,27.2
16.08.2025,20,26.3
16.08.2025,21,23.9
16.08.2025,22,24.1
16.08.2025,23,18.7
17.08.2025,0,15.4
17.08.2025,1,17.0
17.08.2025,2,16.2
17.08.2025,3,17.2
17.08.2025,4,19.1
17.08.2025,5,18.8
17.08.2025,6,21.2
17.08.2025,7,24.1
17.08.2025,8,23.9
17.08.2025,9,25.2
17.08.2025,10,27.2
17.08.2025,11,28.4
17.08.2025,12,22.4
17.08.2025,13,28.9
17.08.2025,14,26.9
17.08.2025,15,26.4
17.08.2025,16,24.5
17.08.2025,17,24.5
17.08.2025,18,20.5
17.08.2025,19,19.7
17.08.2025,20,14.7
17.08.2025,21,12.8
17.08.2025,22,19.5
17.08.2025,23,16.9
18.08.2025,0,13.4
18.08.2025,1,15.4
18.08.2025,2,18.6
18.08.2025,3,18.5
18.08.2025,4,19.8
18.08.2025,5,19.9
18.08.2025,6,22.7
18.08.2025,7,23.1
18.08.2025,8,24.3
18.08.2025,9,25.7
18.08.2025,10,30.4
18.08.2025,11,26.0
18.08.2025,12,27.1
18.08.2025,13,28.1
18.08.2025,14,27.5
18.08.2025,15,26.0
18.08.2025,16,25.7
18.08.2025,17,21.6
18.08.2025,18,18.8
18.08.2025,19,19.9
18.08.2025,20,18.7
18.08.2025,21,15.3
18.08.2025,22,15.8
18.08.2025,23,13.8
19.08.2025,0,16.5
19.08.2025,1,18.4
19.08.2025,2,19.7
19.08.2025,3,19.5
19.08.2025,4,18.9
19.08.2025,5,22.1
19.08.2025,6,23.4
19.08.2025,7,22.3
19.08.2025,8,25.0
19.08.2025,9,27.4
19.08.2025,10,30.4
19.08.2025,11,30.3
19.08.2025,12,33.2
19.08.2025,13,29.2
19.08.2025,14,30.4
19.08.2025,15,25.5
19.08.2025,16,28.5
19.08.2025,17,23.6
19.08.2025,18,26.3
19.08.2025,19,23.3
19.08.2025,20,20.1
19.08.2025,21,20.3
19.08.2025,22,18.6
19.08.2025,23,19.7
20.08.2025,0,21.4
20.08.2025,1,22.6
20.08.2025,2,24.3
20.08.2025,3,24.6
20.08.2025,4,26.0
20.08.2025,5,29.7
20.08.2025,6,27.0
20.08.2025,7,29.4
20.08.2025,8,29.4
20.08.2025,9,31.8
20.08.2025,10,35.4
20.08.2025,11,33.7
20.08.2025,12,34.1
20.08.2025,13,33.0
20.08.2025,14,33.0
20.08.2025,15,32.8
20.08.2025,16,29.0
20.08.2025,17,30.4
20.08.2025,18,29.4
20.08.2025,19,26.7
20.08.2025,20,23.5
20.08.2025,21,23.8
20.08.2025,22,23.2
20.08.2025,23,22.5
21.08.2025,0,14.2
21.08.2025,1,14.1
21.08.2025,2,15.3
21.08.2025,3,16.1
21.08.2025,4,19.3
21.08.2025,5,17.7
21.08.2025,6,20.4
21.08.2025,7,21.4
21.08.2025,8,22.6
21.08.2025,9,23.1
21.08.2025,10,25.2
21.08.2025,11,24.8
21.08.2025,12,24.9
21.08.2025,13,26.2
21.08.2025,14,26.3
21.08.2025,15,26.6
21.08.2025,16,21.7
21.08.2025,17,20.8
21.08.2025,18,19.2
21.08.2025,19,17.0
21.08.2025,20,16.1
21.08.2025,21,14.9
21.08.2025,22,16.2
21.08.2025,23,13.6
22.08.2025,0,24.5
22.08.2025,1,27.2
22.08.2025,2,24.8
22.08.2025,3,25.3
22.08.2025,4,27.3
22.08.2025,5,27.5
22.08.2025,6,30.2
22.08.2025,7,33.5
22.08.2025,8,36.6
22.08.2025,9,38.3
22.08.2025,10,36.8
22.08.2025,11,36.5
22.08.2025,12,36.9
22.08.2025,13,39.5
22.08.2025,14,33.8
22.08.2025,15,34.7
22.08.2025,16,33.2
22.08.2025,17,32.3
22.08.2025,18,30.4
22.08.2025,19,30.9
22.08.2025,20,28.8
22.08.2025,21,26.3
22.08.2025,22,24.0
22.08.2025,23,24.6
23.08.2025,0,16.6
23.08.2025,1,17.0
23.08.2025,2,17.8
23.08.2025,3,19.1
23.08.2025,4,21.7
23.08.2025,5,22.0
23.08.2025,6,22.6
23.08.2025,7,23.6
23.08.2025,8,26.5
23.08.2025,9,30.8
23.08.2025,10,27.7
23.08.2025,11,29.2
23.08.2025,12,30.8
23.08.2025,13,27.9
23.08.2025,14,30.5
23.08.2025,15,28.2
23.08.2025,16,23.7
23.08.2025,17,26.9
23.08.2025,18,21.9
23.08.2025,19,21.0
23.08.2025,20,19.3
23.08.2025,21,17.9
23.08.2025,22,15.0
23.08.2025,23,19.3
24.08.2025,0,13.8
24.08.2025,1,18.3
24.08.2025,2,18.2
24.08.2025,3,20.6
24.08.2025,4,22.1
24.08.2025,5,21.8
24.08.2025,6,26.6
24.08.2025,7,25.9
24.08.2025,8,26.7
24.08.2025,9,29.2
24.08.2025,10,31.2
24.08.2025,11,30.8
24.08.2025,12,30.6
24.08.2025,13,31.3
24.08.2025,14,31.4
24.08.2025,15,28.5
24.08.2025,16,27.3
24.08.2025,17,24.6
24.08.2025,18,23.8
24.08.2025,19,22.5
24.08.2025,20,23.1
24.08.2025,21,17.1
24.08.2025,22,18.7
24.08.2025,23,20.2
25.08.2025,0,16.4
25.08.2025,1,16.3
25.08.2025,2,19.3
25.08.2025,3,15.0
25.08.2025,4,18.1
25.08.2025,5,20.7
25.08.2025,6,21.9
25.08.2025,7,25.7
25.08.2025,8,24.4
25.08.2025,9,25.3
25.08.2025,10,29.6
25.08.2025,11,29.4
25.08.2025,12,29.6
25.08.2025,13,28.6
25.08.2025,14,32.6
25.08.2025,15,27.1
25.08.2025,16,24.3
25.08.2025,17,23.2
25.08.2025,18,24.0
25.08.2025,19,19.2
25.08.2025,20,20.5
25.08.2025,21,19.4
25.08.2025,22,17.0
25.08.2025,23,14.9
26.08.2025,0,13.0
26.08.2025,1,12.6
26.08.2025,2,15.9
26.08.2025,3,15.7
26.08.2025,4,16.3
26.08.2025,5,18.0
26.08.2025,6,16.4
26.08.2025,7,22.3
26.08.2025,8,22.8
26.08.2025,9,22.0
26.08.2025,10,21.5
26.08.2025,11,24.2
26.08.2025,12,26.4
26.08.2025,13,23.2
26.08.2025,14,23.9
26.08.2025,15,22.3
26.08.2025,16,22.7
26.08.2025,17,18.9
26.08.2025,18,16.9
26.08.2025,19,15.7
26.08.2025,20,14.5
26.08.2025,21,16.2
26.08.2025,22,16.3
26.08.2025,23,11.1
27.08.2025,0,15.6
27.08.2025,1,16.9
27.08.2025,2,19.3
27.08.2025,3,16.2
27.08.2025,4,22.1
27.08.2025,5,21.3
27.08.2025,6,22.0
27.08.2025,7,22.2
27.08.2025,8,25.8
27.08.2025,9,29.7
27.08.2025,10,26.1
27.08.2025,11,26.5
27.08.2025,12,29.1
27.08.2025,13,28.8
27.08.2025,14,27.2
27.08.2025,15,27.7
27.08.2025,16,24.7
27.08.2025,17,23.0
27.08.2025,18,22.7
27.08.2025,19,20.3
27.08.2025,20,19.9
27.08.2025,21,19.0
27.08.2025,22,19.7
27.08.2025,23,17.6
28.08.2025,0,22.7
28.08.2025,1,27.4
28.08.2025,2,27.6
28.08.2025,3,28.6
28.08.2025,4,30.6
28.08.2025,5,30.0
28.08.2025,6,33.5
28.08.2025,7,35.3
28.08.2025,8,35.0
28.08.2025,9,37.6
28.08.2025,10,35.8
28.08.2025,11,37.9
28.08.2025,12,37.7
28.08.2025,13,35.2
28.08.2025,14,37.4
28.08.2025,15,36.8
28.08.2025,16,34.4
28.08.2025,17,32.6
28.08.2025,18,33.1
28.08.2025,19,31.2
28.08.2025,20,27.7
28.08.2025,21,26.9
28.08.2025,22,27.1
28.08.2025,23,26.5
29.08.2025,0,24.1
29.08.2025,1,25.8
29.08.2025,2,26.7
29.08.2025,3,26.9
29.08.2025,4,27.5
29.08.2025,5,30.9
29.08.2025,6,32.1
29.08.2025,7,32.6
29.08.2025,8,33.4
29.08.2025,9,36.7
29.08.2025,10,35.0
29.08.2025,11,35.0
29.08.2025,12,34.9
29.08.2025,13,36.4
29.08.2025,14,35.8
29.08.2025,15,34.3
29.08.2025,16,34.3
29.08.2025,17,30.5
29.08.2025,18,29.4
29.08.2025,19,31.5
29.08.2025,20,29.0
29.08.2025,21,24.7
29.08.2025,22,22.2
29.08.2025,23,24.3
30.08.2025,0,27.7
30.08.2025,1,24.4
30.08.2025,2,27.5
30.08.2025,3,25.3
30.08.2025,4,27.7
30.08.2025,5,30.0
30.08.2025,6,29.9
30.08.2025,7,31.2
30.08.2025,8,34.0
30.08.2025,9,34.6
30.08.2025,10,36.1
30.08.2025,11,35.1
30.08.2025,12,37.1
30.08.2025,13,35.8
30.08.2025,14,36.7
30.08.2025,15,35.6
30.08.2025,16,33.4
30.08.2025,17,29.3
30.08.2025,18,30.5
30.08.2025,19,28.6
30.08.2025,20,25.8
30.08.2025,21,27.5
30.08.2025,22,27.4
30.08.2025,23,22.9
31.08.2025,0,23.6
31.08.2025,1,21.6
31.08.2025,2,22.9
31.08.2025,3,25.3
31.08.2025,4,27.7
31.08.2025,5,24.8
31.08.2025,6,27.9
31.08.2025,7,30.9
31.08.2025,8,31.3
31.08.2025,9,32.9
31.08.2025,10,32.4
31.08.2025,11,38.1
31.08.2025,12,36.0
31.08.2025,13,33.5
31.08.2025,14,35.0
31.08.2025,15,36.3
31.08.2025,16,30.9
31.08.2025,17,28.7
31.08.2025,18,28.2
31.08.2025,19,27.9
31.08.2025,20,24.4
31.08.2025,21,25.2
31.08.2025,22,24.4
31.08.2025,23,23.5
01.09.2025,0,5.3
01.09.2025,1,5.7
01.09.2025,2,6.8
01.09.2025,3,6.3
01.09.2025,4,8.4
01.09.2025,5,11.4
01.09.2025,6,11.3
01.09.2025,7,10.0
01.09.2025,8,11.8
01.09.2025,9,17.0
01.09.2025,10,15.2
01.09.2025,11,16.7
01.09.2025,12,14.7
01.09.2025,13,17.2
01.09.2025,14,17.6
01.09.2025,15,13.8
01.09.2025,16,12.8
01.09.2025,17,12.1
01.09.2025,18,10.5
01.09.2025,19,6.6
01.09.2025,20,8.0
01.09.2025,21,7.3
01.09.2025,22,5.2
01.09.2025,23,5.4
02.09.2025,0,8.6
02.09.2025,1,6.6
02.09.2025,2,7.4
02.09.2025,3,12.5
02.09.2025,4,11.6
02.09.2025,5,12.2
02.09.2025,6,15.1
02.09.2025,7,14.4
02.09.2025,8,17.5
02.09.2025,9,19.7
02.09.2025,10,20.8
02.09.2025,11,21.5
02.09.2025,12,21.8
02.09.2025,13,19.1
02.09.2025,14,21.4
02.09.2025,15,20.8
02.09.2025,16,17.4
02.09.2025,17,16.6
02.09.2025,18,15.1
02.09.2025,19,11.0
02.09.2025,20,11.6
02.09.2025,21,8.6
02.09.2025,22,10.4
02.09.2025,23,7.1
03.09.2025,0,-0.1
03.09.2025,1,3.1
03.09.2025,2,-0.2
03.09.2025,3,2.5
03.09.2025,4,1.7
03.09.2025,5,3.6
03.09.2025,6,7.0
03.09.2025,7,9.3
03.09.2025,8,8.2
03.09.2025,9,11.9
03.09.2025,10,10.5
03.09.2025,11,11.4
03.09.2025,12,10.7
03.09.2025,13,11.1
03.09.2025,14,11.7
03.09.2025,15,10.9
03.09.2025,16,8.8
03.09.2025,17,7.0
03.09.2025,18,7.0
03.09.2025,19,2.8
03.09.2025,20,1.4
03.09.2025,21,0.2
03.09.2025,22,-0.9
03.09.2025,23,-0.9
04.09.2025,0,11.6
04.09.2025,1,13.6
04.09.2025,2,11.4
04.09.2025,3,11.6
04.09.2025,4,14.9
04.09.2025,5,15.3
04.09.2025,6,16.5
04.09.2025,7,20.0
04.09.2025,8,19.2
04.09.2025,9,18.9
04.09.2025,10,22.8
04.09.2025,11,22.1
04.09.2025,12,24.5
04.09.2025,13,21.3
04.09.2025,14,22.2
04.09.2025,15,25.0
04.09.2025,16,18.1
04.09.2025,17,20.6
04.09.2025,18,19.1
04.09.2025,19,15.5
04.09.2025,20,14.0
04.09.2025,21,15.2
04.09.2025,22,13.3
04.09.2025,23,11.4
05.09.2025,0,-1.3
05.09.2025,1,1.7
05.09.2025,2,3.0
05.09.2025,3,2.9
05.09.2025,4,0.8
05.09.2025,5,6.5
05.09.2025,6,8.8
05.09.2025,7,6.6
05.09.2025,8,8.3
05.09.2025,9,10.8
05.09.2025,10,10.7
05.09.2025,11,13.7
05.09.2025,12,9.7
05.09.2025,13,13.0
05.09.2025,14,10.8
05.09.2025,15,8.2
05.09.2025,16,8.4
05.09.2025,17,8.6
05.09.2025,18,5.3
05.09.2025,19,3.3
05.09.2025,20,1.9
05.09.2025,21,1.5
05.09.2025,22,2.8
05.09.2025,23,0.4
06.09.2025,0,11.6
06.09.2025,1,10.9
06.09.2025,2,13.2
06.09.2025,3,10.9
06.09.2025,4,16.0
06.09.2025,5,15.2
06.09.2025,6,15.1
06.09.2025,7,15.4
06.09.2025,8,18.0
06.09.2025,9,21.0
06.09.2025,10,23.3
06.09.2025,11,23.5
06.09.2025,12,22.6
06.09.2025,13,20.9
06.09.2025,14,22.8
06.09.2025,15,19.2
06.09.2025,16,16.5
06.09.2025,17,17.3
06.09.2025,18,15.2
06.09.2025,19,14.0
06.09.2025,20,11.5
06.09.2025,21,14.8
06.09.2025,22,11.9
06.09.2025,23,10.2
07.09.2025,0,10.9
07.09.2025,1,11.2
07.09.2025,2,8.9
07.09.2025,3,11.0
07.09.2025,4,13.2
07.09.2025,5,12.4
07.09.2025,6,13.2
07.09.2025,7,17.6
07.09.2025,8,16.2
07.09.2025,9,17.2
07.09.2025,10,20.0
07.09.2025,11,21.6
07.09.2025,12,22.8
07.09.2025,13,22.3
07.09.2025,14,22.4
07.09.2025,15,19.4
07.09.2025,16,20.4
07.09.2025,17,15.7
07.09.2025,18,14.5
07.09.2025,19,14.8
07.09.2025,20,12.4
07.09.2025,21,12.1
07.09.2025,22,8.7
07.09.2025,23,12.4
08.09.2025,0,2.6
08.09.2025,1,2.4
08.09.2025,2,1.0
08.09.2025,3,3.8
08.09.2025,4,2.1
08.09.2025,5,4.9
08.09.2025,6,9.1
08.09.2025,7,8.8
08.09.2025,8,13.7
08.09.2025,9,11.7
08.09.2025,10,15.8
08.09.2025,11,15.9
08.09.2025,12,16.9
08.09.2025,13,13.2
08.09.2025,14,14.3
08.09.2025,15,13.1
08.09.2025,16,11.4
08.09.2025,17,11.9
08.09.2025,18,9.8
08.09.2025,19,8.6
08.09.2025,20,6.1
08.09.2025,21,3.1
08.09.2025,22,1.2
08.09.2025,23,3.1
09.09.2025,0,-0.2
09.09.2025,1,2.9
09.09.2025,2,-0.5
09.09.2025,3,0.9
09.09.2025,4,2.3
09.09.2025,5,2.4
09.09.2025,6,3.7
09.09.2025,7,7.1
09.09.2025,8,11.8
09.09.2025,9,9.1
09.09.2025,10,14.3
09.09.2025,11,10.0
09.09.2025,12,12.1
09.09.2025,13,12.0
09.09.2025,14,10.3
09.09.2025,15,9.0
09.09.2025,16,9.0
09.09.2025,17,7.4
09.09.2025,18,5.6
09.09.2025,19,4.7
09.09.2025,20,4.1
09.09.2025,21,-0.7
09.09.2025,22,2.8
09.09.2025,23,0.3
10.09.2025,0,8.8
10.09.2025,1,8.9
10.09.2025,2,11.3
10.09.2025,3,13.3
10.09.2025,4,11.3
10.09.2025,5,12.7
10.09.2025,6,17.9
10.09.2025,7,17.4
10.09.2025,8,19.3
10.09.2025,9,19.8
10.09.2025,10,19.7
10.09.2025,11,21.7
10.09.2025,12,21.3
10.09.2025,13,20.3
10.09.2025,14,19.6
10.09.2025,15,20.3
10.09.2025,16,17.4
10.09.2025,17,17.4
10.09.2025,18,16.3
10.09.2025,19,12.4
10.09.2025,20,11.1
10.09.2025,21,10.6
10.09.2025,22,10.7
10.09.2025,23,9.2
11.09.2025,0,3.5
11.09.2025,1,2.6
11.09.2025,2,1.8
11.09.2025,3,4.1
11.09.2025,4,6.9
11.09.2025,5,7.6
11.09.2025,6,9.0
11.09.2025,7,9.5
11.09.2025,8,10.9
11.09.2025,9,12.9
11.09.2025,10,14.1
11.09.2025,11,12.7
11.09.2025,12,13.1
11.09.2025,13,13.3
11.09.2025,14,16.2
11.09.2025,15,14.3
11.09.2025,16,9.5
11.09.2025,17,10.4
11.09.2025,18,12.2
11.09.2025,19,5.2
11.09.2025,20,6.3
11.09.2025,21,4.4
11.09.2025,22,0.9
11.09.2025,23,4.2
12.09.2025,0,7.2
12.09.2025,1,8.0
12.09.2025,2,8.5
12.09.2025,3,10.7
12.09.2025,4,9.9
12.09.2025,5,12.1
12.09.2025,6,13.6
12.09.2025,7,14.9
12.09.2025,8,18.5
12.09.2025,9,18.0
12.09.2025,10,18.6
12.09.2025,11,18.7
12.09.2025,12,20.7
12.09.2025,13,16.2
12.09.2025,14,17.8
12.09.2025,15,16.8
12.09.2025,16,13.9
12.09.2025,17,15.1
12.09.2025,18,12.0
12.09.2025,19,14.6
12.09.2025,20,11.0
12.09.2025,21,6.9
12.09.2025,22,7.0
12.09.2025,23,8.8
13.09.2025,0,1.7
13.09.2025,1,2.0
13.09.2025,2,5.3
13.09.2025,3,3.9
13.09.2025,4,5.2
13.09.2025,5,8.1
13.09.2025,6,4.5
13.09.2025,7,9.5
13.09.2025,8,11.6
13.09.2025,9,12.3
13.09.2025,10,12.5
13.09.2025,11,10.3
13.09.2025,12,12.6
13.09.2025,13,12.1
13.09.2025,14,13.4
13.09.2025,15,10.4
13.09.2025,16,10.0
13.09.2025,17,9.8
13.09.2025,18,3.9
13.09.2025,19,6.9
13.09.2025,20,4.7
13.09.2025,21,1.5
13.09.2025,22,1.8
13.09.2025,23,-0.8
14.09.2025,0,7.5
14.09.2025,1,4.7
14.09.2025,2,8.6
14.09.2025,3,5.7
14.09.2025,4,8.7
14.09.2025,5,9.4
14.09.2025,6,10.3
14.09.2025,7,12.7
14.09.2025,8,13.6
14.09.2025,9,16.6
14.09.2025,10,18.5
14.09.2025,11,15.3
14.09.2025,12,15.9
14.09.2025,13,14.8
14.09.2025,14,18.1
14.09.2025,15,15.7
14.09.2025,16,15.6
14.09.2025,17,13.2
14.09.2025,18,12.9
14.09.2025,19,10.8
14.09.2025,20,8.5
14.09.2025,21,8.4
14.09.2025,22,8.5
14.09.2025,23,5.7
15.09.2025,0,5.0
15.09.2025,1,5.7
15.09.2025,2,6.5
15.09.2025,3,6.7
15.09.2025,4,8.4
15.09.2025,5,6.8
15.09.2025,6,13.0
15.09.2025,7,12.5
15.09.2025,8,17.4
15.09.2025,9,17.8
15.09.2025,10,19.7
15.09.2025,11,18.6
15.09.2025,12,19.8
15.09.2025,13,17.9
15.09.2025,14,17.8
15.09.2025,15,16.7
15.09.2025,16,15.4
15.09.2025,17,15.0
15.09.2025,18,11.6
15.09.2025,19,10.5
15.09.2025,20,8.3
15.09.2025,21,10.3
15.09.2025,22,10.4
15.09.2025,23,7.0
16.09.2025,0,6.4
16.09.2025,1,5.1
16.09.2025,2,6.3
16.09.2025,3,6.5
16.09.2025,4,9.7
16.09.2025,5,9.6
16.09.2025,6,9.7
16.09.2025,7,15.3
16.09.2025,8,13.3
16.09.2025,9,17.3
16.09.2025,10,15.8
16.09.2025,11,15.6
16.09.2025,12,17.2
16.09.2025,13,17.3
16.09.2025,14,17.0
16.09.2025,15,16.1
16.09.2025,16,13.3
16.09.2025,17,12.6
16.09.2025,18,7.0
16.09.2025,19,10.2
16.09.2025,20,6.9
16.09.2025,21,4.0
16.09.2025,22,3.8
16.09.2025,23,3.6
17.09.2025,0,3.9
17.09.2025,1,5.0
17.09.2025,2,7.5
17.09.2025,3,8.8
17.09.2025,4,6.6
17.09.2025,5,10.2
17.09.2025,6,8.6
17.09.2025,7,10.2
17.09.2025,8,13.6
17.09.2025,9,14.1
17.09.2025,10,14.4
17.09.2025,11,12.9
17.09.2025,12,17.5
17.09.2025,13,17.6
17.09.2025,14,13.1
17.09.2025,15,16.1
17.09.2025,16,13.2
17.09.2025,17,12.3
17.09.2025,18,9.2
17.09.2025,19,5.5
17.09.2025,20,6.8
17.09.2025,21,6.3
17.09.2025,22,6.1
17.09.2025,23,4.1
18.09.2025,0,3.6
18.09.2025,1,9.0
18.09.2025,2,8.0
18.09.2025,3,8.1
18.09.2025,4,7.9
18.09.2025,5,9.4
18.09.2025,6,13.0
18.09.2025,7,13.5
18.09.2025,8,16.3
18.09.2025,9,11.8
18.09.2025,10,18.5
18.09.2025,11,18.5
18.09.2025,12,19.8
18.09.2025,13,16.8
18.09.2025,14,20.4
18.09.2025,15,15.0
18.09.2025,16,16.4
18.09.2025,17,12.3
18.09.2025,18,13.9
18.09.2025,19,14.1
18.09.2025,20,10.2
18.09.2025,21,9.8
18.09.2025,22,7.8
18.09.2025,23,8.0
19.09.2025,0,3.2
19.09.2025,1,4.1
19.09.2025,2,4.2
19.09.2025,3,8.1
19.09.2025,4,5.4
19.09.2025,5,5.5
19.09.2025,6,10.7
19.09.2025,7,10.8
19.09.2025,8,12.8
19.09.2025,9,12.0
19.09.2025,10,14.2
19.09.2025,11,18.1
19.09.2025,12,16.2
19.09.2025,13,16.6
19.09.2025,14,12.8
19.09.2025,15,12.9
19.09.2025,16,9.9
19.09.2025,17,9.9
19.09.2025,18,10.1
19.09.2025,19,8.2
19.09.2025,20,3.5
19.09.2025,21,4.5
19.09.2025,22,3.9
19.09.2025,23,2.7
20.09.2025,0,3.5
20.09.2025,1,6.1
20.09.2025,2,2.9
20.09.2025,3,7.0
20.09.2025,4,7.1
20.09.2025,5,10.0
20.09.2025,6,11.4
20.09.2025,7,14.6
20.09.2025,8,15.6
20.09.2025,9,14.3
20.09.2025,10,16.6
20.09.2025,11,17.9
20.09.2025,12,19.4
20.09.2025,13,18.3
20.09.2025,14,15.5
20.09.2025,15,14.2
20.09.2025,16,14.7
20.09.2025,17,10.4
20.09.2025,18,11.2
20.09.2025,19,8.4
20.09.2025,20,5.8
20.09.2025,21,6.5
20.09.2025,22,6.0
20.09.2025,23,5.0
21.09.2025,0,2.4
21.09.2025,1,3.2
21.09.2025,2,4.9
21.09.2025,3,6.4
21.09.2025,4,6.7
21.09.2025,5,7.1
21.09.2025,6,6.4
21.09.2025,7,10.5
21.09.2025,8,11.3
21.09.2025,9,13.4
21.09.2025,10,15.1
21.09.2025,11,15.0
21.09.2025,12,14.3
21.09.2025,13,15.9
21.09.2025,14,15.7
21.09.2025,15,13.5
21.09.2025,16,13.0
21.09.2025,17,7.8
21.09.2025,18,7.2
21.09.2025,19,7.3
21.09.2025,20,7.0
21.09.2025,21,5.8
21.09.2025,22,3.7
21.09.2025,23,1.3
22.09.2025,0,2.7
22.09.2025,1,-0.1
22.09.2025,2,0.5
22.09.2025,3,6.8
22.09.2025,4,4.3
22.09.2025,5,8.0
22.09.2025,6,7.7
22.09.2025,7,11.3
22.09.2025,8,11.5
22.09.2025,9,10.0
22.09.2025,10,11.2
22.09.2025,11,13.0
22.09.2025,12,14.0
22.09.2025,13,13.0
22.09.2025,14,13.7
22.09.2025,15,11.4
22.09.2025,16,12.5
22.09.2025,17,11.0
22.09.2025,18,9.2
22.09.2025,19,8.6
22.09.2025,20,4.7
22.09.2025,21,4.5
22.09.2025,22,1.5
22.09.2025,23,2.0
23.09.2025,0,0.2
23.09.2025,1,-2.5
23.09.2025,2,2.4
23.09.2025,3,-0.8
23.09.2025,4,4.8
23.09.2025,5,4.2
23.09.2025,6,4.0
23.09.2025,7,7.3
23.09.2025,8,6.9
23.09.2025,9,10.4
23.09.2025,10,13.7
23.09.2025,11,9.4
23.09.2025,12,10.9
23.09.2025,13,11.1
23.09.2025,14,12.2
23.09.2025,15,11.6
23.09.2025,16,8.8
23.09.2025,17,7.2
23.09.2025,18,7.1
23.09.2025,19,2.8
23.09.2025,20,1.4
23.09.2025,21,0.9
23.09.2025,22,-0.2
23.09.2025,23,-0.9
24.09.2025,0,3.3
24.09.2025,1,3.4
24.09.2025,2,2.3
24.09.2025,3,4.4
24.09.2025,4,5.7
24.09.2025,5,3.9
24.09.2025,6,7.5
24.09.2025,7,11.3
24.09.2025,8,10.4
24.09.2025,9,10.6
24.09.2025,10,12.1
24.09.2025,11,15.6
24.09.2025,12,13.3
24.09.2025,13,11.8
24.09.2025,14,12.1
24.09.2025,15,12.2
24.09.2025,16,8.4
24.09.2025,17,8.4
24.09.2025,18,5.9
24.09.2025,19,7.6
24.09.2025,20,3.6
24.09.2025,21,3.0
24.09.2025,22,3.6
24.09.2025,23,1.4
25.09.2025,0,6.4
25.09.2025,1,7.9
25.09.2025,2,7.6
25.09.2025,3,8.4
25.09.2025,4,9.1
25.09.2025,5,9.3
25.09.2025,6,11.8
25.09.2025,7,11.8
25.09.2025,8,14.1
25.09.2025,9,15.6
25.09.2025,10,16.4
25.09.2025,11,16.1
25.09.2025,12,17.6
25.09.2025,13,18.1
25.09.2025,14,17.3
25.09.2025,15,13.7
25.09.2025,16,14.2
25.09.2025,17,14.8
25.09.2025,18,13.5
25.09.2025,19,7.6
25.09.2025,20,11.6
25.09.2025,21,5.6
25.09.2025,22,10.0
25.09.2025,23,8.7
26.09.2025,0,7.7
26.09.2025,1,10.8
26.09.2025,2,8.6
26.09.2025,3,8.1
26.09.2025,4,10.8
26.09.2025,5,11.7
26.09.2025,6,15.6
26.09.2025,7,16.5
26.09.2025,8,16.4
26.09.2025,9,17.6
26.09.2025,10,17.2
26.09.2025,11,19.4
26.09.2025,12,21.9
26.09.2025,13,19.4
26.09.2025,14,19.5
26.09.2025,15,21.9
26.09.2025,16,16.1
26.09.2025,17,16.5
26.09.2025,18,15.2
26.09.2025,19,10.4
26.09.2025,20,10.6
26.09.2025,21,11.3
26.09.2025,22,7.8
26.09.2025,23,9.7
27.09.2025,0,4.4
27.09.2025,1,2.3
27.09.2025,2,0.8
27.09.2025,3,3.8
27.09.2025,4,5.2
27.09.2025,5,4.6
27.09.2025,6,11.4
27.09.2025,7,11.9
27.09.2025,8,10.8
27.09.2025,9,12.1
27.09.2025,10,10.8
27.09.2025,11,13.4
27.09.2025,12,14.6
27.09.2025,13,11.3
27.09.2025,14,10.9
27.09.2025,15,10.8
27.09.2025,16,9.8
27.09.2025,17,11.8
27.09.2025,18,10.0
27.09.2025,19,10.3
27.09.2025,20,5.6
27.09.2025,21,2.1
27.09.2025,22,3.0
27.09.2025,23,2.4
28.09.2025,0,4.8
28.09.2025,1,5.1
28.09.2025,2,7.8
28.09.2025,3,9.5
28.09.2025,4,10.0
28.09.2025,5,10.1
28.09.2025,6,10.3
28.09.2025,7,14.0
28.09.2025,8,16.3
28.09.2025,9,13.1
28.09.2025,10,16.6
28.09.2025,11,16.1
28.09.2025,12,15.0
28.09.2025,13,18.2
28.09.2025,14,13.9
28.09.2025,15,12.4
28.09.2025,16,12.2
28.09.2025,17,13.0
28.09.2025,18,10.6
28.09.2025,19,9.9
28.09.2025,20,5.9
28.09.2025,21,5.6
28.09.2025,22,7.5
28.09.2025,23,5.1
29.09.2025,0,8.4
29.09.2025,1,7.7
29.09.2025,2,6.6
29.09.2025,3,10.4
29.09.2025,4,8.3
29.09.2025,5,11.2
29.09.2025,6,15.3
29.09.2025,7,15.7
29.09.2025,8,14.5
29.09.2025,9,18.4
29.09.2025,10,17.6
29.09.2025,11,19.4
29.09.2025,12,20.1
29.09.2025,13,18.4
29.09.2025,14,19.7
29.09.2025,15,20.4
29.09.2025,16,17.2
29.09.2025,17,14.4
29.09.2025,18,15.2
29.09.2025,19,12.7
29.09.2025,20,11.8
29.09.2025,21,8.8
29.09.2025,22,6.5
29.09.2025,23,6.9
30.09.2025,0,6.3
30.09.2025,1,2.2
30.09.2025,2,1.7
30.09.2025,3,5.6
30.09.2025,4,4.5
30.09.2025,5,8.7
30.09.2025,6,12.8
30.09.2025,7,13.8
30.09.2025,8,13.7
30.09.2025,9,12.4
30.09.2025,10,15.8
30.09.2025,11,13.8
30.09.2025,12,15.8
30.09.2025,13,16.6
30.09.2025,14,14.2
30.09.2025,15,16.6
30.09.2025,16,12.6
30.09.2025,17,12.9
30.09.2025,18,11.5
30.09.2025,19,10.1
30.09.2025,20,4.9
30.09.2025,21,6.8
30.09.2025,22,8.8
30.09.2025,23,5.6
01.10.2025,0,5.6
01.10.2025,1,5.7
01.10.2025,2,4.1
01.10.2025,3,7.7
01.10.2025,4,8.7
01.10.2025,5,9.9
01.10.2025,6,9.9
01.10.2025,7,15.0
01.10.2025,8,11.4
01.10.2025,9,17.2
01.10.2025,10,18.2
01.10.2025,11,17.1
01.10.2025,12,15.5
01.10.2025,13,16.6
01.10.2025,14,16.8
01.10.2025,15,15.6
01.10.2025,16,13.1
01.10.2025,17,10.7
01.10.2025,18,11.4
01.10.2025,19,8.6
01.10.2025,20,8.7
01.10.2025,21,7.3
01.10.2025,22,4.7
01.10.2025,23,5.2
02.10.2025,0,6.6
02.10.2025,1,3.0
02.10.2025,2,5.2
02.10.2025,3,8.5
02.10.2025,4,10.7
02.10.2025,5,10.5
02.10.2025,6,10.7
02.10.2025,7,14.5
02.10.2025,8,14.8
02.10.2025,9,17.5
02.10.2025,10,18.3
02.10.2025,11,14.4
02.10.2025,12,17.6
02.10.2025,13,19.1
02.10.2025,14,17.6
02.10.2025,15,16.0
02.10.2025,16,13.9
02.10.2025,17,12.5
02.10.2025,18,12.5
02.10.2025,19,9.3
02.10.2025,20,9.0
02.10.2025,21,8.8
02.10.2025,22,8.8
02.10.2025,23,6.0
03.10.2025,0,13.0
03.10.2025,1,12.5
03.10.2025,2,12.9
03.10.2025,3,11.1
03.10.2025,4,12.8
03.10.2025,5,15.7
03.10.2025,6,16.8
03.10.2025,7,15.7
03.10.2025,8,21.6
03.10.2025,9,21.4
03.10.2025,10,20.4
03.10.2025,11,22.9
03.10.2025,12,24.3
03.10.2025,13,22.4
03.10.2025,14,23.1
03.10.2025,15,20.4
03.10.2025,16,20.0
03.10.2025,17,17.3
03.10.2025,18,17.6
03.10.2025,19,15.4
03.10.2025,20,12.0
03.10.2025,21,13.4
03.10.2025,22,10.6
03.10.2025,23,9.7
04.10.2025,0,4.0
04.10.2025,1,-0.3
04.10.2025,2,3.7
04.10.2025,3,4.9
04.10.2025,4,8.5
04.10.2025,5,8.9
04.10.2025,6,10.5
04.10.2025,7,9.1
04.10.2025,8,13.1
04.10.2025,9,13.8
04.10.2025,10,12.8
04.10.2025,11,14.2
04.10.2025,12,16.5
04.10.2025,13,14.8
04.10.2025,14,14.8
04.10.2025,15,12.9
04.10.2025,16,13.7
04.10.2025,17,11.4
04.10.2025,18,9.0
04.10.2025,19,7.9
04.10.2025,20,4.6
04.10.2025,21,6.0
04.10.2025,22,3.0
04.10.2025,23,3.6
05.10.2025,0,10.5
05.10.2025,1,8.8
05.10.2025,2,10.7
05.10.2025,3,12.7
05.10.2025,4,11.9
05.10.2025,5,19.5
05.10.2025,6,19.7
05.10.2025,7,18.7
05.10.2025,8,22.2
05.10.2025,9,20.6
05.10.2025,10,23.5
05.10.2025,11,25.4
05.10.2025,12,20.7
05.10.2025,13,22.2
05.10.2025,14,24.4
05.10.2025,15,23.0
05.10.2025,16,19.8
05.10.2025,17,15.4
05.10.2025,18,16.7
05.10.2025,19,18.3
05.10.2025,20,13.2
05.10.2025,21,15.7
05.10.2025,22,10.1
05.10.2025,23,11.4
06.10.2025,0,11.8
06.10.2025,1,13.0
06.10.2025,2,11.8
06.10.2025,3,13.3
06.10.2025,4,14.0
06.10.2025,5,16.0
06.10.2025,6,15.5
06.10.2025,7,18.4
06.10.2025,8,17.6
06.10.2025,9,19.9
06.10.2025,10,23.5
06.10.2025,11,21.0
06.10.2025,12,23.1
06.10.2025,13,21.3
06.10.2025,14,23.3
06.10.2025,15,22.0
06.10.2025,16,21.7
06.10.2025,17,20.0
06.10.2025,18,16.4
06.10.2025,19,15.3
06.10.2025,20,15.1
06.10.2025,21,14.8
06.10.2025,22,11.9
06.10.2025,23,11.4
07.10.2025,0,3.2
07.10.2025,1,5.8
07.10.2025,2,5.4
07.10.2025,3,7.2
07.10.2025,4,7.0
07.10.2025,5,7.1
07.10.2025,6,8.2
07.10.2025,7,11.9
07.10.2025,8,14.3
07.10.2025,9,16.8
07.10.2025,10,16.6
07.10.2025,11,21.1
07.10.2025,12,17.3
07.10.2025,13,19.4
07.10.2025,14,17.7
07.10.2025,15,12.3
07.10.2025,16,16.3
07.10.2025,17,15.8
07.10.2025,18,11.2
07.10.2025,19,10.5
07.10.2025,20,6.2
07.10.2025,21,7.4
07.10.2025,22,7.8
07.10.2025,23,5.5
08.10.2025,0,11.6
08.10.2025,1,13.6
08.10.2025,2,13.6
08.10.2025,3,13.3
08.10.2025,4,13.9
08.10.2025,5,15.8
08.10.2025,6,17.7
08.10.2025,7,19.4
08.10.2025,8,20.6
08.10.2025,9,18.2
08.10.2025,10,22.4
08.10.2025,11,23.4
08.10.2025,12,23.3
08.10.2025,13,22.6
08.10.2025,14,22.0
08.10.2025,15,22.2
08.10.2025,16,21.0
08.10.2025,17,17.7
08.10.2025,18,20.3
08.10.2025,19,16.4
08.10.2025,20,15.5
08.10.2025,21,13.9
08.10.2025,22,14.3
08.10.2025,23,11.7
09.10.2025,0,2.4
09.10.2025,1,0.3
09.10.2025,2,2.5
09.10.2025,3,2.4
09.10.2025,4,4.2
09.10.2025,5,4.9
09.10.2025,6,7.1
09.10.2025,7,7.4
09.10.2025,8,7.7
09.10.2025,9,8.7
09.10.2025,10,8.5
09.10.2025,11,10.8
09.10.2025,12,13.5
09.10.2025,13,14.1
09.10.2025,14,12.7
09.10.2025,15,10.2
09.10.2025,16,11.4
09.10.2025,17,10.1
09.10.2025,18,4.2
09.10.2025,19,6.3
09.10.2025,20,5.2
09.10.2025,21,1.9
09.10.2025,22,3.7
09.10.2025,23,1.0
10.10.2025,0,9.1
10.10.2025,1,7.2
10.10.2025,2,6.5
10.10.2025,3,8.8
10.10.2025,4,12.3
10.10.2025,5,10.4
10.10.2025,6,13.2
10.10.2025,7,11.4
10.10.2025,8,17.9
10.10.2025,9,14.4
10.10.2025,10,18.4
10.10.2025,11,18.4
10.10.2025,12,20.9
10.10.2025,13,17.7
10.10.2025,14,18.6
10.10.2025,15,17.0
10.10.2025,16,14.9
10.10.2025,17,13.1
10.10.2025,18,14.5
10.10.2025,19,8.6
10.10.2025,20,9.1
10.10.2025,21,12.0
10.10.2025,22,8.2
10.10.2025,23,6.1
11.10.2025,0,1.0
11.10.2025,1,-0.1
11.10.2025,2,0.4
11.10.2025,3,1.7
11.10.2025,4,3.0
11.10.2025,5,3.3
11.10.2025,6,5.1
11.10.2025,7,8.3
11.10.2025,8,6.8
11.10.2025,9,8.8
11.10.2025,10,10.3
11.10.2025,11,12.2
11.10.2025,12,13.0
11.10.2025,13,10.6
11.10.2025,14,10.3
11.10.2025,15,11.0
11.10.2025,16,10.6
11.10.2025,17,5.8
11.10.2025,18,7.6
11.10.2025,19,5.7
11.10.2025,20,5.2
11.10.2025,21,1.8
11.10.2025,22,-1.4
11.10.2025,23,0.2
12.10.2025,0,-0.5
12.10.2025,1,-1.5
12.10.2025,2,1.1
12.10.2025,3,1.8
12.10.2025,4,3.9
12.10.2025,5,0.4
12.10.2025,6,7.4
12.10.2025,7,7.2
12.10.2025,8,8.9
12.10.2025,9,9.2
12.10.2025,10,13.3
12.10.2025,11,11.9
12.10.2025,12,14.3
12.10.2025,13,10.8
12.10.2025,14,9.0
12.10.2025,15,6.9
12.10.2025,16,6.2
12.10.2025,17,6.2
12.10.2025,18,8.3
12.10.2025,19,3.3
12.10.2025,20,1.7
12.10.2025,21,1.1
12.10.2025,22,2.2
12.10.2025,23,-0.5
13.10.2025,0,11.2
13.10.2025,1,10.6
13.10.2025,2,16.4
13.10.2025,3,14.6
13.10.2025,4,14.7
13.10.2025,5,15.4
13.10.2025,6,17.2
13.10.2025,7,19.6
13.10.2025,8,21.5
13.10.2025,9,22.8
13.10.2025,10,22.9
13.10.2025,11,21.9
13.10.2025,12,24.0
13.10.2025,13,24.3
13.10.2025,14,24.1
13.10.2025,15,21.4
13.10.2025,16,20.7
13.10.2025,17,19.0
13.10.2025,18,21.1
13.10.2025,19,15.5
13.10.2025,20,15.2
13.10.2025,21,13.6
13.10.2025,22,10.9
13.10.2025,23,12.5
14.10.2025,0,2.1
14.10.2025,1,1.9
14.10.2025,2,2.6
14.10.2025,3,3.2
14.10.2025,4,5.0
14.10.2025,5,6.1
14.10.2025,6,11.6
14.10.2025,7,8.7
14.10.2025,8,11.7
14.10.2025,9,14.0
14.10.2025,10,13.6
14.10.2025,11,15.5
14.10.2025,12,15.4
14.10.2025,13,12.2
14.10.2025,14,11.4
14.10.2025,15,12.4
14.10.2025,16,11.7
14.10.2025,17,10.5
14.10.2025,18,9.5
14.10.2025,19,6.6
14.10.2025,20,6.8
14.10.2025,21,2.5
14.10.2025,22,2.7
14.10.2025,23,1.6
15.10.2025,0,4.6
15.10.2025,1,5.0
15.10.2025,2,4.5
15.10.2025,3,6.9
15.10.2025,4,3.9
15.10.2025,5,9.9
15.10.2025,6,8.8
15.10.2025,7,12.1
15.10.2025,8,12.6
15.10.2025,9,17.3
15.10.2025,10,13.9
15.10.2025,11,16.8
15.10.2025,12,16.7
15.10.2025,13,17.1
15.10.2025,14,14.6
15.10.2025,15,16.2
15.10.2025,16,12.5
15.10.2025,17,11.5
15.10.2025,18,8.7
15.10.2025,19,11.8
15.10.2025,20,7.6
15.10.2025,21,7.1
15.10.2025,22,4.4
15.10.2025,23,3.8
16.10.2025,0,8.6
16.10.2025,1,10.7
16.10.2025,2,7.5
16.10.2025,3,11.7
16.10.2025,4,15.1
16.10.2025,5,12.4
16.10.2025,6,13.2
16.10.2025,7,17.5
16.10.2025,8,17.0
16.10.2025,9,19.7
16.10.2025,10,23.7
16.10.2025,11,21.2
16.10.2025,12,22.9
16.10.2025,13,23.3
16.10.2025,14,21.2
16.10.2025,15,19.0
16.10.2025,16,19.4
16.10.2025,17,16.3
16.10.2025,18,15.3
16.10.2025,19,11.4
16.10.2025,20,11.1
16.10.2025,21,10.6
16.10.2025,22,9.9
16.10.2025,23,9.4
17.10.2025,0,0.9
17.10.2025,1,2.5
17.10.2025,2,2.0
17.10.2025,3,1.5
17.10.2025,4,4.0
17.10.2025,5,6.9
17.10.2025,6,7.3
17.10.2025,7,7.3
17.10.2025,8,9.3
17.10.2025,9,10.1
17.10.2025,10,12.0
17.10.2025,11,13.9
17.10.2025,12,11.7
17.10.2025,13,12.7
17.10.2025,14,13.1
17.10.2025,15,13.7
17.10.2025,16,13.8
17.10.2025,17,8.6
17.10.2025,18,9.8
17.10.2025,19,6.7
17.10.2025,20,4.6
17.10.2025,21,3.2
17.10.2025,22,1.4
17.10.2025,23,3.8
18.10.2025,0,8.0
18.10.2025,1,5.3
18.10.2025,2,5.4
18.10.2025,3,11.2
18.10.2025,4,13.9
18.10.2025,5,12.9
18.10.2025,6,14.7
18.10.2025,7,15.0
18.10.2025,8,16.7
18.10.2025,9,18.4
18.10.2025,10,17.6
18.10.2025,11,21.9
18.10.2025,12,19.4
18.10.2025,13,19.5
18.10.2025,14,23.1
18.10.2025,15,18.6
18.10.2025,16,17.9
18.10.2025,17,16.5
18.10.2025,18,13.4
18.10.2025,19,14.6
18.10.2025,20,11.2
18.10.2025,21,9.6
18.10.2025,22,9.8
18.10.2025,23,8.9
19.10.2025,0,4.1
19.10.2025,1,2.8
19.10.2025,2,4.6
19.10.2025,3,2.6
19.10.2025,4,5.9
19.10.2025,5,6.0
19.10.2025,6,8.6
19.10.2025,7,7.8
19.10.2025,8,11.2
19.10.2025,9,11.9
19.10.2025,10,16.1
19.10.2025,11,13.8
19.10.2025,12,15.1
19.10.2025,13,13.8
19.10.2025,14,14.4
19.10.2025,15,14.0
19.10.2025,16,11.4
19.10.2025,17,12.9
19.10.2025,18,9.0
19.10.2025,19,7.6
19.10.2025,20,5.2
19.10.2025,21,5.0
19.10.2025,22,3.7
19.10.2025,23,2.3
20.10.2025,0,8.7
20.10.2025,1,11.2
20.10.2025,2,11.7
20.10.2025,3,14.0
20.10.2025,4,12.1
20.10.2025,5,15.9
20.10.2025,6,17.3
20.10.2025,7,18.4
20.10.2025,8,19.4
20.10.2025,9,19.7
20.10.2025,10,22.0
20.10.2025,11,22.2
20.10.2025,12,22.3
20.10.2025,13,24.6
20.10.2025,14,20.2
20.10.2025,15,21.6
20.10.2025,16,16.5
20.10.2025,17,17.8
20.10.2025,18,18.6
20.10.2025,19,13.2
20.10.2025,20,14.3
20.10.2025,21,12.3
20.10.2025,22,13.5
20.10.2025,23,11.2
21.10.2025,0,-0.1
21.10.2025,1,0.2
21.10.2025,2,0.3
21.10.2025,3,-0.9
21.10.2025,4,-0.6
21.10.2025,5,4.0
21.10.2025,6,6.8
21.10.2025,7,6.0
21.10.2025,8,9.7
21.10.2025,9,8.9
21.10.2025,10,11.7
21.10.2025,11,10.6
21.10.2025,12,12.0
21.10.2025,13,12.9
21.10.2025,14,9.2
21.10.2025,15,9.2
21.10.2025,16,8.8
21.10.2025,17,6.7
21.10.2025,18,5.1
21.10.2025,19,3.0
21.10.2025,20,2.8
21.10.2025,21,0.3
21.10.2025,22,0.7
21.10.2025,23,-3.0
22.10.2025,0,1.4
22.10.2025,1,1.8
22.10.2025,2,0.6
22.10.2025,3,4.3
22.10.2025,4,4.8
22.10.2025,5,6.8
22.10.2025,6,6.3
22.10.2025,7,6.4
22.10.2025,8,10.6
22.10.2025,9,10.6
22.10.2025,10,12.4
22.10.2025,11,14.8
22.10.2025,12,12.4
22.10.2025,13,15.5
22.10.2025,14,13.3
22.10.2025,15,12.6
22.10.2025,16,11.9
22.10.2025,17,13.5
22.10.2025,18,8.4
22.10.2025,19,6.4
22.10.2025,20,9.2
22.10.2025,21,1.9
22.10.2025,22,1.8
22.10.2025,23,1.6
23.10.2025,0,5.9
23.10.2025,1,7.2
23.10.2025,2,10.7
23.10.2025,3,7.0
23.10.2025,4,8.4
23.10.2025,5,11.5
23.10.2025,6,14.4
23.10.2025,7,15.8
23.10.2025,8,17.0
23.10.2025,9,15.3
23.10.2025,10,18.2
23.10.2025,11,16.9
23.10.2025,12,20.1
23.10.2025,13,20.2
23.10.2025,14,16.1
23.10.2025,15,18.5
23.10.2025,16,16.7
23.10.2025,17,15.3
23.10.2025,18,11.9
23.10.2025,19,11.6
23.10.2025,20,10.1
23.10.2025,21,6.4
23.10.2025,22,7.1
23.10.2025,23,8.7
24.10.2025,0,5.9
24.10.2025,1,5.1
24.10.2025,2,6.2
24.10.2025,3,9.8
24.10.2025,4,8.5
24.10.2025,5,13.2
24.10.2025,6,12.2
24.10.2025,7,14.7
24.10.2025,8,13.9
24.10.2025,9,17.8
24.10.2025,10,18.0
24.10.2025,11,18.1
24.10.2025,12,17.1
24.10.2025,13,18.6
24.10.2025,14,14.7
24.10.2025,15,16.1
24.10.2025,16,15.1
24.10.2025,17,13.1
24.10.2025,18,15.4
24.10.2025,19,11.8
24.10.2025,20,9.3
24.10.2025,21,8.3
24.10.2025,22,7.1
24.10.2025,23,6.7
25.10.2025,0,2.5
25.10.2025,1,6.8
25.10.2025,2,2.3
25.10.2025,3,5.3
25.10.2025,4,7.6
25.10.2025,5,7.5
25.10.2025,6,9.7
25.10.2025,7,10.4
25.10.2025,8,12.6
25.10.2025,9,12.4
25.10.2025,10,13.5
25.10.2025,11,13.8
25.10.2025,12,14.5
25.10.2025,13,14.9
25.10.2025,14,11.7
25.10.2025,15,15.7
25.10.2025,16,12.7
25.10.2025,17,10.2
25.10.2025,18,8.7
25.10.2025,19,7.5
25.10.2025,20,4.3
25.10.2025,21,8.1
25.10.2025,22,1.8
25.10.2025,23,3.5
26.10.2025,0,-2.2
26.10.2025,1,0.6
26.10.2025,2,-0.8
26.10.2025,3,0.8
26.10.2025,4,3.7
26.10.2025,5,1.9
26.10.2025,6,5.2
26.10.2025,7,6.9
26.10.2025,8,8.3
26.10.2025,9,8.5
26.10.2025,10,9.4
26.10.2025,11,11.4
26.10.2025,12,9.6
26.10.2025,13,11.3
26.10.2025,14,12.0
26.10.2025,15,10.3
26.10.2025,16,5.6
26.10.2025,17,5.0
26.10.2025,18,3.3
26.10.2025,19,1.1
26.10.2025,20,0.2
26.10.2025,21,1.5
26.10.2025,22,-1.5
26.10.2025,23,-0.1
27.10.2025,0,10.8
27.10.2025,1,12.0
27.10.2025,2,9.9
27.10.2025,3,11.0
27.10.2025,4,14.2
27.10.2025,5,16.6
27.10.2025,6,15.6
27.10.2025,7,17.3
27.10.2025,8,18.7
27.10.2025,9,18.7
27.10.2025,10,22.4
27.10.2025,11,23.5
27.10.2025,12,22.8
27.10.2025,13,22.4
27.10.2025,14,21.0
27.10.2025,15,20.1
27.10.2025,16,19.6
27.10.2025,17,17.1
27.10.2025,18,18.5
27.10.2025,19,15.3
27.10.2025,20,14.5
27.10.2025,21,14.8
27.10.2025,22,12.5
27.10.2025,23,13.6
28.10.2025,0,4.3
28.10.2025,1,0.7
28.10.2025,2,3.1
28.10.2025,3,5.9
28.10.2025,4,4.6
28.10.2025,5,7.0
28.10.2025,6,10.0
28.10.2025,7,8.8
28.10.2025,8,12.7
28.10.2025,9,13.0
28.10.2025,10,11.7
28.10.2025,11,15.8
28.10.2025,12,17.2
28.10.2025,13,15.6
28.10.2025,14,12.8
28.10.2025,15,10.5
28.10.2025,16,11.9
28.10.2025,17,8.2
28.10.2025,18,11.8
28.10.2025,19,7.7
28.10.2025,20,7.1
28.10.2025,21,4.8
28.10.2025,22,4.4
28.10.2025,23,3.0
29.10.2025,0,9.8
29.10.2025,1,12.1
29.10.2025,2,11.4
29.10.2025,3,10.0
29.10.2025,4,12.5
29.10.2025,5,14.2
29.10.2025,6,16.8
29.10.2025,7,16.5
29.10.2025,8,19.6
29.10.2025,9,19.3
29.10.2025,10,20.1
29.10.2025,11,21.4
29.10.2025,12,23.5
29.10.2025,13,23.9
29.10.2025,14,23.4
29.10.2025,15,22.1
29.10.2025,16,20.9
29.10.2025,17,19.0
29.10.2025,18,17.6
29.10.2025,19,14.7
29.10.2025,20,16.0
29.10.2025,21,12.8
29.10.2025,22,12.1
29.10.2025,23,9.1
30.10.2025,0,12.2
30.10.2025,1,12.3
30.10.2025,2,10.7
30.10.2025,3,13.0
30.10.2025,4,14.7
30.10.2025,5,15.5
30.10.2025,6,18.7
30.10.2025,7,22.4
30.10.2025,8,19.0
30.10.2025,9,26.8
30.10.2025,10,23.3
30.10.2025,11,24.4
30.10.2025,12,23.8
30.10.2025,13,23.7
30.10.2025,14,24.5
30.10.2025,15,22.0
30.10.2025,16,20.6
30.10.2025,17,19.8
30.10.2025,18,17.8
30.10.2025,19,17.8
30.10.2025,20,17.1
30.10.2025,21,12.6
30.10.2025,22,11.7
30.10.2025,23,11.3
31.10.2025,0,0.6
31.10.2025,1,1.6
31.10.2025,2,-0.9
31.10.2025,3,3.0
31.10.2025,4,2.9
31.10.2025,5,5.1
31.10.2025,6,6.5
31.10.2025,7,5.5
31.10.2025,8,7.6
31.10.2025,9,9.9
31.10.2025,10,10.3
31.10.2025,11,12.5
31.10.2025,12,11.0
31.10.2025,13,11.0
31.10.2025,14,8.2
31.10.2025,15,13.0
31.10.2025,16,9.6
31.10.2025,17,7.7
31.10.2025,18,6.0
31.10.2025,19,4.1
31.10.2025,20,5.3
31.10.2025,21,-1.3
31.10.2025,22,0.2
31.10.2025,23,1.0
01.11.2025,0,8.8
01.11.2025,1,6.6
01.11.2025,2,8.9
01.11.2025,3,12.2
01.11.2025,4,13.2
01.11.2025,5,15.9
01.11.2025,6,16.7
01.11.2025,7,17.7
01.11.2025,8,19.3
01.11.2025,9,20.9
01.11.2025,10,24.6
01.11.2025,11,22.8
01.11.2025,12,21.3
01.11.2025,13,24.4
01.11.2025,14,21.4
01.11.2025,15,18.3
01.11.2025,16,19.5
01.11.2025,17,17.2
01.11.2025,18,16.3
01.11.2025,19,15.8
01.11.2025,20,11.0
01.11.2025,21,12.5
01.11.2025,22,10.3
01.11.2025,23,11.2
02.11.2025,0,10.1
02.11.2025,1,8.7
02.11.2025,2,11.5
02.11.2025,3,11.5
02.11.2025,4,12.8
02.11.2025,5,15.2
02.11.2025,6,15.8
02.11.2025,7,14.8
02.11.2025,8,17.2
02.11.2025,9,20.0
02.11.2025,10,20.9
02.11.2025,11,21.6
02.11.2025,12,20.7
02.11.2025,13,18.2
02.11.2025,14,22.4
02.11.2025,15,17.4
02.11.2025,16,17.5
02.11.2025,17,13.7
02.11.2025,18,14.5
02.11.2025,19,14.9
02.11.2025,20,10.9
02.11.2025,21,12.5
02.11.2025,22,8.6
02.11.2025,23,8.8
03.11.2025,0,3.0
03.11.2025,1,3.2
03.11.2025,2,3.0
03.11.2025,3,3.8
03.11.2025,4,3.2
03.11.2025,5,8.1
03.11.2025,6,7.1
03.11.2025,7,12.7
03.11.2025,8,12.5
03.11.2025,9,12.9
03.11.2025,10,13.6
03.11.2025,11,12.1
03.11.2025,12,16.3
03.11.2025,13,13.7
03.11.2025,14,15.4
03.11.2025,15,12.8
03.11.2025,16,11.0
03.11.2025,17,10.0
03.11.2025,18,8.2
03.11.2025,19,5.2
03.11.2025,20,7.2
03.11.2025,21,6.4
03.11.2025,22,1.9
03.11.2025,23,3.4
04.11.2025,0,2.3
04.11.2025,1,-3.4
04.11.2025,2,4.6
04.11.2025,3,2.4
04.11.2025,4,5.3
04.11.2025,5,6.5
04.11.2025,6,5.9
04.11.2025,7,7.3
04.11.2025,8,9.5
04.11.2025,9,10.8
04.11.2025,10,11.9
04.11.2025,11,13.2
04.11.2025,12,12.5
04.11.2025,13,13.9
04.11.2025,14,12.4
04.11.2025,15,11.2
04.11.2025,16,10.5
04.11.2025,17,8.3
04.11.2025,18,5.3
04.11.2025,19,4.7
04.11.2025,20,0.8
04.11.2025,21,3.5
04.11.2025,22,1.2
04.11.2025,23,-0.1
05.11.2025,0,9.8
05.11.2025,1,11.4
05.11.2025,2,11.4
05.11.2025,3,11.1
05.11.2025,4,12.1
05.11.2025,5,15.9
05.11.2025,6,16.2
05.11.2025,7,16.6
05.11.2025,8,20.2
05.11.2025,9,20.8
05.11.2025,10,23.5
05.11.2025,11,20.7
05.11.2025,12,25.6
05.11.2025,13,23.2
05.11.2025,14,20.6
05.11.2025,15,20.7
05.11.2025,16,21.5
05.11.2025,17,17.1
05.11.2025,18,15.9
05.11.2025,19,14.0
05.11.2025,20,14.7
05.11.2025,21,11.0
05.11.2025,22,10.5
05.11.2025,23,9.8
06.11.2025,0,9.7
06.11.2025,1,8.0
06.11.2025,2,9.2
06.11.2025,3,8.4
06.11.2025,4,13.1
06.11.2025,5,14.8
06.11.2025,6,17.2
06.11.2025,7,17.1
06.11.2025,8,17.2
06.11.2025,9,19.9
06.11.2025,10,23.9
06.11.2025,11,23.0
06.11.2025,12,23.3
06.11.2025,13,25.1
06.11.2025,14,21.6
06.11.2025,15,16.6
06.11.2025,16,20.8
06.11.2025,17,19.8
06.11.2025,18,14.6
06.11.2025,19,13.1
06.11.2025,20,9.3
06.11.2025,21,11.3
06.11.2025,22,9.7
06.11.2025,23,9.5
07.11.2025,0,-0.1
07.11.2025,1,-0.7
07.11.2025,2,-0.2
07.11.2025,3,2.1
07.11.2025,4,4.2
07.11.2025,5,3.0
07.11.2025,6,6.0
07.11.2025,7,9.3
07.11.2025,8,6.6
07.11.2025,9,12.8
07.11.2025,10,12.7
07.11.2025,11,9.7
07.11.2025,12,14.8
07.11.2025,13,11.0
07.11.2025,14,13.5
07.11.2025,15,10.6
07.11.2025,16,12.0
07.11.2025,17,8.5
07.11.2025,18,5.8
07.11.2025,19,6.1
07.11.2025,20,4.7
07.11.2025,21,1.5
07.11.2025,22,0.1
07.11.2025,23,1.9
08.11.2025,0,10.1
08.11.2025,1,15.7
08.11.2025,2,14.1
08.11.2025,3,11.9
08.11.2025,4,13.5
08.11.2025,5,16.4
08.11.2025,6,18.3
08.11.2025,7,19.7
08.11.2025,8,19.0
08.11.2025,9,21.0
08.11.2025,10,22.8
08.11.2025,11,26.5
08.11.2025,12,25.6
08.11.2025,13,23.4
08.11.2025,14,24.5
08.11.2025,15,22.7
08.11.2025,16,24.5
08.11.2025,17,18.1
08.11.2025,18,17.3
08.11.2025,19,16.6
08.11.2025,20,15.9
08.11.2025,21,12.0
08.11.2025,22,12.4
08.11.2025,23,12.2
09.11.2025,0,2.1
09.11.2025,1,3.6
09.11.2025,2,-1.2
09.11.2025,3,2.6
09.11.2025,4,5.8
09.11.2025,5,7.4
09.11.2025,6,8.2
09.11.2025,7,10.7
09.11.2025,8,11.9
09.11.2025,9,10.0
09.11.2025,10,11.1
09.11.2025,11,11.1
09.11.2025,12,12.1
09.11.2025,13,11.8
09.11.2025,14,15.4
09.11.2025,15,12.1
09.11.2025,16,11.1
09.11.2025,17,9.4
09.11.2025,18,4.3
09.11.2025,19,6.3
09.11.2025,20,3.6
09.11.2025,21,1.2
09.11.2025,22,4.1
09.11.2025,23,2.1
10.11.2025,0,9.3
10.11.2025,1,12.1
10.11.2025,2,9.0
10.11.2025,3,13.0
10.11.2025,4,11.0
10.11.2025,5,10.9
10.11.2025,6,15.6
10.11.2025,7,15.4
10.11.2025,8,19.4
10.11.2025,9,18.7
10.11.2025,10,20.2
10.11.2025,11,21.5
10.11.2025,12,22.0
10.11.2025,13,21.9
10.11.2025,14,21.2
10.11.2025,15,21.1
10.11.2025,16,16.7
10.11.2025,17,17.5
10.11.2025,18,16.1
10.11.2025,19,13.8
10.11.2025,20,13.5
10.11.2025,21,14.5
10.11.2025,22,12.3
10.11.2025,23,9.1
11.11.2025,0,-4.0
11.11.2025,1,-1.1
11.11.2025,2,-2.0
11.11.2025,3,2.1
11.11.2025,4,6.0
11.11.2025,5,3.5
11.11.2025,6,5.3
11.11.2025,7,7.2
11.11.2025,8,7.9
11.11.2025,9,9.5
11.11.2025,10,11.5
11.11.2025,11,13.8
11.11.2025,12,8.7
11.11.2025,13,8.9
11.11.2025,14,11.2
11.11.2025,15,12.8
11.11.2025,16,5.6
11.11.2025,17,5.4
11.11.2025,18,6.2
11.11.2025,19,2.6
11.11.2025,20,3.5
11.11.2025,21,-3.0
11.11.2025,22,0.5
11.11.2025,23,-0.7
12.11.2025,0,10.9
12.11.2025,1,12.5
12.11.2025,2,12.6
12.11.2025,3,13.2
12.11.2025,4,16.4
12.11.2025,5,16.4
12.11.2025,6,18.9
12.11.2025,7,19.6
12.11.2025,8,20.8
12.11.2025,9,19.4
12.11.2025,10,24.8
12.11.2025,11,25.2
12.11.2025,12,21.5
12.11.2025,13,25.5
12.11.2025,14,22.7
12.11.2025,15,25.0
12.11.2025,16,21.5
12.11.2025,17,20.0
12.11.2025,18,16.3
12.11.2025,19,16.9
12.11.2025,20,15.6
12.11.2025,21,15.2
12.11.2025,22,11.7
12.11.2025,23,15.4
13.11.2025,0,6.2
13.11.2025,1,4.1
13.11.2025,2,5.2
13.11.2025,3,6.7
13.11.2025,4,6.6
13.11.2025,5,7.8
13.11.2025,6,10.0
13.11.2025,7,10.1
13.11.2025,8,13.3
13.11.2025,9,12.6
13.11.2025,10,13.7
13.11.2025,11,13.6
13.11.2025,12,14.6
13.11.2025,13,11.4
13.11.2025,14,13.0
13.11.2025,15,12.7
13.11.2025,16,11.2
13.11.2025,17,10.6
13.11.2025,18,7.9
13.11.2025,19,6.6
13.11.2025,20,6.1
13.11.2025,21,4.3
13.11.2025,22,3.5
13.11.2025,23,3.1
14.11.2025,0,0.3
14.11.2025,1,3.6
14.11.2025,2,2.3
14.11.2025,3,-0.6
14.11.2025,4,6.1
14.11.2025,5,6.7
14.11.2025,6,5.6
14.11.2025,7,7.7
14.11.2025,8,7.7
14.11.2025,9,10.6
14.11.2025,10,11.0
14.11.2025,11,11.7
14.11.2025,12,12.6
14.11.2025,13,9.6
14.11.2025,14,11.3
14.11.2025,15,11.4
14.11.2025,16,8.1
14.11.2025,17,7.8
14.11.2025,18,5.1
14.11.2025,19,1.4
14.11.2025,20,1.2
14.11.2025,21,1.6
14.11.2025,22,1.4
14.11.2025,23,2.9
15.11.2025,0,0.2
15.11.2025,1,2.2
15.11.2025,2,1.1
15.11.2025,3,4.6
15.11.2025,4,5.3
15.11.2025,5,6.9
15.11.2025,6,7.3
15.11.2025,7,8.9
15.11.2025,8,12.3
15.11.2025,9,10.0
15.11.2025,10,10.5
15.11.2025,11,13.1
15.11.2025,12,13.9
15.11.2025,13,13.0
15.11.2025,14,11.5
15.11.2025,15,13.4
15.11.2025,16,13.2
15.11.2025,17,7.7
15.11.2025,18,7.8
15.11.2025,19,7.9
15.11.2025,20,0.2
15.11.2025,21,2.1
15.11.2025,22,1.4
15.11.2025,23,1.2
16.11.2025,0,2.7
16.11.2025,1,3.4
16.11.2025,2,5.0
16.11.2025,3,6.7
16.11.2025,4,6.3
16.11.2025,5,8.0
16.11.2025,6,9.7
16.11.2025,7,14.5
16.11.2025,8,14.6
16.11.2025,9,17.4
16.11.2025,10,17.1
16.11.2025,11,17.2
16.11.2025,12,15.6
16.11.2025,13,15.8
16.11.2025,14,17.6
16.11.2025,15,14.4
16.11.2025,16,14.2
16.11.2025,17,12.2
16.11.2025,18,12.2
16.11.2025,19,12.5
16.11.2025,20,6.5
16.11.2025,21,7.5
16.11.2025,22,4.0
16.11.2025,23,3.4
17.11.2025,0,-0.7
17.11.2025,1,-0.5
17.11.2025,2,2.2
17.11.2025,3,3.3
17.11.2025,4,4.0
17.11.2025,5,6.2
17.11.2025,6,5.3
17.11.2025,7,8.4
17.11.2025,8,10.0
17.11.2025,9,12.2
17.11.2025,10,10.8
17.11.2025,11,13.0
17.11.2025,12,13.7
17.11.2025,13,12.3
17.11.2025,14,12.9
17.11.2025,15,11.2
17.11.2025,16,10.6
17.11.2025,17,5.8
17.11.2025,18,5.4
17.11.2025,19,3.4
17.11.2025,20,1.7
17.11.2025,21,2.8
17.11.2025,22,1.8
17.11.2025,23,-1.4
18.11.2025,0,7.0
18.11.2025,1,8.4
18.11.2025,2,7.7
18.11.2025,3,8.6
18.11.2025,4,10.4
18.11.2025,5,9.2
18.11.2025,6,12.0
18.11.2025,7,14.2
18.11.2025,8,18.0
18.11.2025,9,17.6
18.11.2025,10,18.4
18.11.2025,11,17.7
18.11.2025,12,19.6
18.11.2025,13,18.1
18.11.2025,14,18.5
18.11.2025,15,16.7
18.11.2025,16,17.1
18.11.2025,17,14.5
18.11.2025,18,12.4
18.11.2025,19,11.2
18.11.2025,20,11.3
18.11.2025,21,10.0
18.11.2025,22,8.2
18.11.2025,23,6.0
19.11.2025,0,4.0
19.11.2025,1,5.8
19.11.2025,2,6.9
19.11.2025,3,5.1
19.11.2025,4,7.8
19.11.2025,5,7.7
19.11.2025,6,10.8
19.11.2025,7,13.9
19.11.2025,8,13.1
19.11.2025,9,15.4
19.11.2025,10,16.8
19.11.2025,11,18.5
19.11.2025,12,16.5
19.11.2025,13,16.7
19.11.2025,14,14.1
19.11.2025,15,15.5
19.11.2025,16,14.9
19.11.2025,17,11.1
19.11.2025,18,11.6
19.11.2025,19,8.8
19.11.2025,20,10.2
19.11.2025,21,9.2
19.11.2025,22,7.0
19.11.2025,23,3.7
20.11.2025,0,8.9
20.11.2025,1,9.6
20.11.2025,2,10.4
20.11.2025,3,5.5
20.11.2025,4,12.4
20.11.2025,5,13.4
20.11.2025,6,13.9
20.11.2025,7,16.4
20.11.2025,8,18.9
20.11.2025,9,17.0
20.11.2025,10,17.9
20.11.2025,11,22.1
20.11.2025,12,22.0
20.11.2025,13,19.8
20.11.2025,14,21.9
20.11.2025,15,19.5
20.11.2025,16,17.2
20.11.2025,17,15.4
20.11.2025,18,13.4
20.11.2025,19,13.5
20.11.2025,20,9.6
20.11.2025,21,11.2
20.11.2025,22,8.5
20.11.2025,23,12.4
21.11.2025,0,2.7
21.11.2025,1,1.6
21.11.2025,2,6.4
21.11.2025,3,4.0
21.11.2025,4,6.6
21.11.2025,5,5.6
21.11.2025,6,9.5
21.11.2025,7,9.6
21.11.2025,8,13.0
21.11.2025,9,12.4
21.11.2025,10,14.4
21.11.2025,11,14.6
21.11.2025,12,17.4
21.11.2025,13,12.5
21.11.2025,14,13.7
21.11.2025,15,11.7
21.11.2025,16,9.5
21.11.2025,17,8.8
21.11.2025,18,10.5
21.11.2025,19,8.0
21.11.2025,20,4.1
21.11.2025,21,7.4
21.11.2025,22,3.0
21.11.2025,23,3.4
22.11.2025,0,8.9
22.11.2025,1,9.1
22.11.2025,2,8.6
22.11.2025,3,8.1
22.11.2025,4,12.1
22.11.2025,5,12.8
22.11.2025,6,11.0
22.11.2025,7,14.8
22.11.2025,8,16.2
22.11.2025,9,17.2
22.11.2025,10,19.9
22.11.2025,11,21.4
22.11.2025,12,20.3
22.11.2025,13,20.7
22.11.2025,14,17.2
22.11.2025,15,17.2
22.11.2025,16,17.4
22.11.2025,17,13.0
22.11.2025,18,15.4
22.11.2025,19,13.8
22.11.2025,20,11.7
22.11.2025,21,9.6
22.11.2025,22,10.5
22.11.2025,23,9.2
23.11.2025,0,10.4
23.11.2025,1,8.9
23.11.2025,2,7.9
23.11.2025,3,8.4
23.11.2025,4,11.1
23.11.2025,5,12.8
23.11.2025,6,14.9
23.11.2025,7,17.5
23.11.2025,8,16.6
23.11.2025,9,20.2
23.11.2025,10,19.8
23.11.2025,11,22.3
23.11.2025,12,22.6
23.11.2025,13,21.7
23.11.2025,14,22.9
23.11.2025,15,16.9
23.11.2025,16,15.8
23.11.2025,17,17.2
23.11.2025,18,15.8
23.11.2025,19,12.5
23.11.2025,20,13.4
23.11.2025,21,10.3
23.11.2025,22,8.4
23.11.2025,23,10.2
24.11.2025,0,13.0
24.11.2025,1,11.0
24.11.2025,2,11.2
24.11.2025,3,12.8
24.11.2025,4,12.5
24.11.2025,5,12.7
24.11.2025,6,16.0
24.11.2025,7,16.2
24.11.2025,8,20.1
24.11.2025,9,21.0
24.11.2025,10,22.8
24.11.2025,11,22.2
24.11.2025,12,23.2
24.11.2025,13,23.0
24.11.2025,14,20.0
24.11.2025,15,18.8
24.11.2025,16,19.6
24.11.2025,17,16.7
24.11.2025,18,15.0
24.11.2025,19,15.6
24.11.2025,20,11.1
24.11.2025,21,12.9
24.11.2025,22,12.1
24.11.2025,23,13.4
25.11.2025,0,6.1
25.11.2025,1,5.0
25.11.2025,2,3.4
25.11.2025,3,3.3
25.11.2025,4,7.3
25.11.2025,5,9.2
25.11.2025,6,11.7
25.11.2025,7,10.8
25.11.2025,8,12.9
25.11.2025,9,13.2
25.11.2025,10,13.3
25.11.2025,11,15.7
25.11.2025,12,15.7
25.11.2025,13,15.4
25.11.2025,14,16.6
25.11.2025,15,16.4
25.11.2025,16,13.4
25.11.2025,17,11.6
25.11.2025,18,11.9
25.11.2025,19,9.3
25.11.2025,20,6.6
25.11.2025,21,3.7
25.11.2025,22,8.0
25.11.2025,23,5.1
26.11.2025,0,1.8
26.11.2025,1,1.9
26.11.2025,2,1.6
26.11.2025,3,0.0
26.11.2025,4,2.1
26.11.2025,5,4.1
26.11.2025,6,4.3
26.11.2025,7,4.4
26.11.2025,8,9.6
26.11.2025,9,12.4
26.11.2025,10,12.6
26.11.2025,11,13.6
26.11.2025,12,12.2
26.11.2025,13,10.5
26.11.2025,14,11.9
26.11.2025,15,9.5
26.11.2025,16,8.7
26.11.2025,17,8.3
26.11.2025,18,8.6
26.11.2025,19,5.5
26.11.2025,20,5.6
26.11.2025,21,0.6
26.11.2025,22,1.3
26.11.2025,23,0.5
27.11.2025,0,-1.1
27.11.2025,1,0.6
27.11.2025,2,0.4
27.11.2025,3,2.4
27.11.2025,4,3.1
27.11.2025,5,5.0
27.11.2025,6,3.9
27.11.2025,7,7.5
27.11.2025,8,8.5
27.11.2025,9,10.7
27.11.2025,10,12.3
27.11.2025,11,12.1
27.11.2025,12,12.1
27.11.2025,13,8.2
27.11.2025,14,11.4
27.11.2025,15,7.7
27.11.2025,16,8.2
27.11.2025,17,6.4
27.11.2025,18,8.1
27.11.2025,19,4.2
27.11.2025,20,1.0
27.11.2025,21,3.2
27.11.2025,22,0.6
27.11.2025,23,2.6
28.11.2025,0,-1.2
28.11.2025,1,-2.0
28.11.2025,2,0.7
28.11.2025,3,0.6
28.11.2025,4,1.7
28.11.2025,5,5.2
28.11.2025,6,6.5
28.11.2025,7,8.9
28.11.2025,8,7.2
28.11.2025,9,12.8
28.11.2025,10,10.0
28.11.2025,11,12.3
28.11.2025,12,11.9
28.11.2025,13,12.3
28.11.2025,14,12.1
28.11.2025,15,7.1
28.11.2025,16,11.5
28.11.2025,17,6.2
28.11.2025,18,5.2
28.11.2025,19,4.4
28.11.2025,20,5.2
28.11.2025,21,-0.3
28.11.2025,22,2.9
28.11.2025,23,1.3
29.11.2025,0,-3.5
29.11.2025,1,1.4
29.11.2025,2,1.1
29.11.2025,3,0.5
29.11.2025,4,3.7
29.11.2025,5,1.5
29.11.2025,6,6.3
29.11.2025,7,7.1
29.11.2025,8,9.7
29.11.2025,9,10.7
29.11.2025,10,11.5
29.11.2025,11,10.4
29.11.2025,12,13.7
29.11.2025,13,11.8
29.11.2025,14,11.4
29.11.2025,15,8.2
29.11.2025,16,8.2
29.11.2025,17,8.6
29.11.2025,18,6.7
29.11.2025,19,3.0
29.11.2025,20,1.6
29.11.2025,21,-0.2
29.11.2025,22,0.7
29.11.2025,23,0.7
30.11.2025,0,2.1
30.11.2025,1,-3.5
30.11.2025,2,2.2
30.11.2025,3,-0.5
30.11.2025,4,1.5
30.11.2025,5,6.4
30.11.2025,6,4.3
30.11.2025,7,3.3
30.11.2025,8,7.3
30.11.2025,9,9.2
30.11.2025,10,8.9
30.11.2025,11,11.1
30.11.2025,12,13.0
30.11.2025,13,11.4
30.11.2025,14,10.6
30.11.2025,15,8.4
30.11.2025,16,8.0
30.11.2025,17,5.8
30.11.2025,18,5.1
30.11.2025,19,1.8
30.11.2025,20,1.6
30.11.2025,21,0.0
30.11.2025,22,-0.7
30.11.2025,23,-0.2
01.12.2025,0,-5.8
01.12.2025,1,-7.8
01.12.2025,2,-8.7
01.12.2025,3,-6.8
01.12.2025,4,-2.1
01.12.2025,5,-1.8
01.12.2025,6,-0.6
01.12.2025,7,1.3
01.12.2025,8,0.6
01.12.2025,9,1.5
01.12.2025,10,4.0
01.12.2025,11,5.2
01.12.2025,12,5.8
01.12.2025,13,5.8
01.12.2025,14,2.5
01.12.2025,15,2.7
01.12.2025,16,-0.4
01.12.2025,17,-0.5
01.12.2025,18,-1.9
01.12.2025,19,-5.5
01.12.2025,20,-4.5
01.12.2025,21,-4.8
01.12.2025,22,-5.7
01.12.2025,23,-8.5
02.12.2025,0,-7.7
02.12.2025,1,-7.4
02.12.2025,2,-11.0
02.12.2025,3,-8.0
02.12.2025,4,-6.2
02.12.2025,5,-5.5
02.12.2025,6,-1.9
02.12.2025,7,-4.0
02.12.2025,8,-0.5
02.12.2025,9,3.4
02.12.2025,10,3.4
02.12.2025,11,2.0
02.12.2025,12,0.5
02.12.2025,13,3.7
02.12.2025,14,-0.9
02.12.2025,15,2.1
02.12.2025,16,1.0
02.12.2025,17,-1.5
02.12.2025,18,-1.1
02.12.2025,19,-3.6
02.12.2025,20,-4.9
02.12.2025,21,-7.8
02.12.2025,22,-7.2
02.12.2025,23,-10.8
03.12.2025,0,-9.1
03.12.2025,1,-10.4
03.12.2025,2,-12.2
03.12.2025,3,-9.9
03.12.2025,4,-5.9
03.12.2025,5,-5.7
03.12.2025,6,-5.0
03.12.2025,7,-3.9
03.12.2025,8,-0.1
03.12.2025,9,-1.8
03.12.2025,10,-1.2
03.12.2025,11,1.6
03.12.2025,12,-0.4
03.12.2025,13,-0.0
03.12.2025,14,-1.1
03.12.2025,15,-2.1
03.12.2025,16,-1.4
03.12.2025,17,-1.1
03.12.2025,18,-7.0
03.12.2025,19,-6.5
03.12.2025,20,-6.0
03.12.2025,21,-9.4
03.12.2025,22,-11.0
03.12.2025,23,-11.2
04.12.2025,0,-12.4
04.12.2025,1,-10.6
04.12.2025,2,-10.7
04.12.2025,3,-13.0
04.12.2025,4,-9.4
04.12.2025,5,-9.0
04.12.2025,6,-11.4
04.12.2025,7,-5.2
04.12.2025,8,-2.0
04.12.2025,9,-3.3
04.12.2025,10,1.1
04.12.2025,11,-0.2
04.12.2025,12,-4.4
04.12.2025,13,-2.7
04.12.2025,14,-2.1
04.12.2025,15,-1.9
04.12.2025,16,-5.8
04.12.2025,17,-4.9
04.12.2025,18,-8.1
04.12.2025,19,-7.9
04.12.2025,20,-9.7
04.12.2025,21,-9.3
04.12.2025,22,-11.1
04.12.2025,23,-12.6
05.12.2025,0,-7.5
05.12.2025,1,-6.5
05.12.2025,2,-4.6
05.12.2025,3,-5.9
05.12.2025,4,-3.4
05.12.2025,5,-0.7
05.12.2025,6,-1.8
05.12.2025,7,1.1
05.12.2025,8,1.0
05.12.2025,9,2.0
05.12.2025,10,5.3
05.12.2025,11,4.0
05.12.2025,12,5.1
05.12.2025,13,3.2
05.12.2025,14,7.0
05.12.2025,15,-1.2
05.12.2025,16,2.4
05.12.2025,17,0.1
05.12.2025,18,-2.5
05.12.2025,19,-0.5
05.12.2025,20,-3.8
05.12.2025,21,-2.5
05.12.2025,22,-6.8
05.12.2025,23,-7.4
06.12.2025,0,-11.7
06.12.2025,1,-14.5
06.12.2025,2,-10.7
06.12.2025,3,-12.1
06.12.2025,4,-11.3
06.12.2025,5,-7.3
06.12.2025,6,-11.2
06.12.2025,7,-7.4
06.12.2025,8,-6.2
06.12.2025,9,-0.3
06.12.2025,10,-2.5
06.12.2025,11,-0.8
06.12.2025,12,-1.1
06.12.2025,13,-2.6
06.12.2025,14,-3.1
06.12.2025,15,-2.6
06.12.2025,16,-4.9
06.12.2025,17,-8.1
06.12.2025,18,-6.7
06.12.2025,19,-10.0
06.12.2025,20,-10.9
06.12.2025,21,-9.2
06.12.2025,22,-12.9
06.12.2025,23,-12.0
07.12.2025,0,-3.1
07.12.2025,1,-1.9
07.12.2025,2,-4.7
07.12.2025,3,0.3
07.12.2025,4,1.6
07.12.2025,5,0.1
07.12.2025,6,3.5
07.12.2025,7,5.0
07.12.2025,8,10.8
07.12.2025,9,7.2
07.12.2025,10,8.7
07.12.2025,11,9.2
07.12.2025,12,7.7
07.12.2025,13,4.8
07.12.2025,14,9.4
07.12.2025,15,7.7
07.12.2025,16,6.6
07.12.2025,17,5.7
07.12.2025,18,0.1
07.12.2025,19,0.4
07.12.2025,20,0.0
07.12.2025,21,-0.2
07.12.2025,22,-4.6
07.12.2025,23,-1.3
08.12.2025,0,-12.4
08.12.2025,1,-10.2
08.12.2025,2,-11.6
08.12.2025,3,-11.9
08.12.2025,4,-6.3
08.12.2025,5,-6.7
08.12.2025,6,-7.4
08.12.2025,7,-5.0
08.12.2025,8,-4.9
08.12.2025,9,0.4
08.12.2025,10,1.3
08.12.2025,11,-1.4
08.12.2025,12,0.5
08.12.2025,13,0.3
08.12.2025,14,-0.1
08.12.2025,15,1.1
08.12.2025,16,-4.9
08.12.2025,17,-3.9
08.12.2025,18,-4.9
08.12.2025,19,-7.2
08.12.2025,20,-8.8
08.12.2025,21,-9.6
08.12.2025,22,-9.2
08.12.2025,23,-11.4
09.12.2025,0,-1.2
09.12.2025,1,-1.5
09.12.2025,2,-0.2
09.12.2025,3,0.2
09.12.2025,4,1.1
09.12.2025,5,1.1
09.12.2025,6,3.0
09.12.2025,7,6.3
09.12.2025,8,5.6
09.12.2025,9,10.4
09.12.2025,10,7.8
09.12.2025,11,10.1
09.12.2025,12,10.1
09.12.2025,13,11.3
09.12.2025,14,8.6
09.12.2025,15,6.9
09.12.2025,16,10.1
09.12.2025,17,5.6
09.12.2025,18,6.1
09.12.2025,19,2.1
09.12.2025,20,0.4
09.12.2025,21,2.0
09.12.2025,22,-1.9
09.12.2025,23,-2.1
10.12.2025,0,-5.2
10.12.2025,1,-4.5
10.12.2025,2,-2.9
10.12.2025,3,-2.7
10.12.2025,4,-0.1
10.12.2025,5,-0.3
10.12.2025,6,0.6
10.12.2025,7,5.7
10.12.2025,8,5.4
10.12.2025,9,6.8
10.12.2025,10,6.9
10.12.2025,11,8.2
10.12.2025,12,7.8
10.12.2025,13,10.9
10.12.2025,14,4.8
10.12.2025,15,8.0
10.12.2025,16,7.4
10.12.2025,17,3.4
10.12.2025,18,1.3
10.12.2025,19,0.6
10.12.2025,20,-1.6
10.12.2025,21,-2.6
10.12.2025,22,-3.1
10.12.2025,23,0.6
11.12.2025,0,-4.7
11.12.2025,1,-3.9
11.12.2025,2,1.4
11.12.2025,3,0.2
11.12.2025,4,0.6
11.12.2025,5,0.8
11.12.2025,6,3.1
11.12.2025,7,5.6
11.12.2025,8,4.9
11.12.2025,9,6.3
11.12.2025,10,5.3
11.12.2025,11,9.1
11.12.2025,12,6.6
11.12.2025,13,9.7
11.12.2025,14,7.2
11.12.2025,15,7.6
11.12.2025,16,4.6
11.12.2025,17,1.5
11.12.2025,18,0.6
11.12.2025,19,2.6
11.12.2025,20,3.2
11.12.2025,21,-3.4
11.12.2025,22,-4.1
11.12.2025,23,-3.9
12.12.2025,0,-2.1
12.12.2025,1,-5.4
12.12.2025,2,-1.8
12.12.2025,3,0.1
12.12.2025,4,2.7
12.12.2025,5,4.1
12.12.2025,6,5.9
12.12.2025,7,6.9
12.12.2025,8,4.5
12.12.2025,9,10.7
12.12.2025,10,6.5
12.12.2025,11,8.2
12.12.2025,12,8.1
12.12.2025,13,9.7
12.12.2025,14,9.1
12.12.2025,15,8.2
12.12.2025,16,6.4
12.12.2025,17,6.3
12.12.2025,18,5.3
12.12.2025,19,2.6
12.12.2025,20,-1.1
12.12.2025,21,1.2
12.12.2025,22,-0.8
12.12.2025,23,0.0
13.12.2025,0,-15.1
13.12.2025,1,-14.4
13.12.2025,2,-12.1
13.12.2025,3,-10.1
13.12.2025,4,-11.1
13.12.2025,5,-10.7
13.12.2025,6,-8.5
13.12.2025,7,-4.4
13.12.2025,8,-4.3
13.12.2025,9,-6.6
13.12.2025,10,-2.6
13.12.2025,11,-1.2
13.12.2025,12,-2.2
13.12.2025,13,-3.1
13.12.2025,14,-3.4
13.12.2025,15,-2.9
13.12.2025,16,-2.7
13.12.2025,17,-5.5
13.12.2025,18,-9.2
13.12.2025,19,-11.9
13.12.2025,20,-12.2
13.12.2025,21,-12.0
13.12.2025,22,-12.5
13.12.2025,23,-14.8
14.12.2025,0,-5.5
14.12.2025,1,-5.5
14.12.2025,2,-4.9
14.12.2025,3,-4.4
14.12.2025,4,0.0
14.12.2025,5,0.5
14.12.2025,6,0.3
14.12.2025,7,2.9
14.12.2025,8,3.6
14.12.2025,9,6.4
14.12.2025,10,8.0
14.12.2025,11,7.7
14.12.2025,12,5.6
14.12.2025,13,5.6
14.12.2025,14,5.2
14.12.2025,15,4.6
14.12.2025,16,4.2
14.12.2025,17,3.4
14.12.2025,18,3.0
14.12.2025,19,-1.1
14.12.2025,20,-1.4
14.12.2025,21,-1.3
14.12.2025,22,-6.4
14.12.2025,23,-3.5
15.12.2025,0,-12.3
15.12.2025,1,-10.6
15.12.2025,2,-9.7
15.12.2025,3,-6.5
15.12.2025,4,-7.0
15.12.2025,5,-4.1
15.12.2025,6,-3.7
15.12.2025,7,-0.1
15.12.2025,8,-1.3
15.12.2025,9,0.9
15.12.2025,10,1.7
15.12.2025,11,2.8
15.12.2025,12,4.7
15.12.2025,13,3.4
15.12.2025,14,0.6
15.12.2025,15,1.7
15.12.2025,16,-1.4
15.12.2025,17,0.1
15.12.2025,18,-0.6
15.12.2025,19,-5.9
15.12.2025,20,-5.1
15.12.2025,21,-8.9
15.12.2025,22,-7.2
15.12.2025,23,-11.5
16.12.2025,0,-11.9
16.12.2025,1,-12.0
16.12.2025,2,-8.6
16.12.2025,3,-9.9
16.12.2025,4,-10.1
16.12.2025,5,-8.2
16.12.2025,6,-6.9
16.12.2025,7,-3.6
16.12.2025,8,-1.6
16.12.2025,9,1.7
16.12.2025,10,0.5
16.12.2025,11,-0.0
16.12.2025,12,-1.3
16.12.2025,13,1.2
16.12.2025,14,-0.2
16.12.2025,15,-3.0
16.12.2025,16,-0.2
16.12.2025,17,-3.8
16.12.2025,18,-5.5
16.12.2025,19,-8.9
16.12.2025,20,-8.7
16.12.2025,21,-7.9
16.12.2025,22,-9.6
16.12.2025,23,-11.3
17.12.2025,0,-6.5
17.12.2025,1,-8.0
17.12.2025,2,-9.6
17.12.2025,3,-8.6
17.12.2025,4,-5.3
17.12.2025,5,-5.1
17.12.2025,6,-3.5
17.12.2025,7,-1.8
17.12.2025,8,2.4
17.12.2025,9,1.8
17.12.2025,10,3.2
17.12.2025,11,4.4
17.12.2025,12,1.2
17.12.2025,13,2.9
17.12.2025,14,3.8
17.12.2025,15,3.0
17.12.2025,16,1.9
17.12.2025,17,-1.8
17.12.2025,18,-3.0
17.12.2025,19,-3.8
17.12.2025,20,-5.8
17.12.2025,21,-7.1
17.12.2025,22,-9.6
17.12.2025,23,-5.9
18.12.2025,0,-14.9
18.12.2025,1,-14.3
18.12.2025,2,-12.4
18.12.2025,3,-13.8
18.12.2025,4,-11.4
18.12.2025,5,-8.8
18.12.2025,6,-9.7
18.12.2025,7,-6.7
18.12.2025,8,-4.3
18.12.2025,9,-3.9
18.12.2025,10,-0.6
18.12.2025,11,-0.9
18.12.2025,12,-2.1
18.12.2025,13,-2.3
18.12.2025,14,-2.2
18.12.2025,15,-4.1
18.12.2025,16,-4.5
18.12.2025,17,-5.8
18.12.2025,18,-9.4
18.12.2025,19,-6.8
18.12.2025,20,-10.5
18.12.2025,21,-13.0
18.12.2025,22,-14.5
18.12.2025,23,-13.0
19.12.2025,0,-7.0
19.12.2025,1,-4.8
19.12.2025,2,-6.7
19.12.2025,3,-5.6
19.12.2025,4,-8.3
19.12.2025,5,-3.1
19.12.2025,6,-1.5
19.12.2025,7,-0.9
19.12.2025,8,1.8
19.12.2025,9,1.2
19.12.2025,10,3.4
19.12.2025,11,4.7
19.12.2025,12,6.6
19.12.2025,13,4.7
19.12.2025,14,6.2
19.12.2025,15,4.9
19.12.2025,16,1.7
19.12.2025,17,1.8
19.12.2025,18,-5.0
19.12.2025,19,-1.7
19.12.2025,20,-6.5
19.12.2025,21,-5.6
19.12.2025,22,-5.8
19.12.2025,23,-10.0
20.12.2025,0,-13.8
20.12.2025,1,-12.1
20.12.2025,2,-11.3
20.12.2025,3,-11.5
20.12.2025,4,-10.4
20.12.2025,5,-8.9
20.12.2025,6,-8.3
20.12.2025,7,-9.6
20.12.2025,8,-4.1
20.12.2025,9,-3.5
20.12.2025,10,-2.6
20.12.2025,11,-1.5
20.12.2025,12,-1.3
20.12.2025,13,-5.2
20.12.2025,14,-3.8
20.12.2025,15,-4.0
20.12.2025,16,-5.0
20.12.2025,17,-5.9
20.12.2025,18,-7.9
20.12.2025,19,-9.9
20.12.2025,20,-10.8
20.12.2025,21,-13.7
20.12.2025,22,-11.9
20.12.2025,23,-16.5
21.12.2025,0,-4.7
21.12.2025,1,-6.5
21.12.2025,2,-5.2
21.12.2025,3,-4.6
21.12.2025,4,-5.4
21.12.2025,5,-0.9
21.12.2025,6,-1.5
21.12.2025,7,2.2
21.12.2025,8,5.4
21.12.2025,9,2.7
21.12.2025,10,4.9
21.12.2025,11,5.3
21.12.2025,12,7.0
21.12.2025,13,3.8
21.12.2025,14,5.5
21.12.2025,15,5.4
21.12.2025,16,2.6
21.12.2025,17,3.8
21.12.2025,18,0.7
21.12.2025,19,-2.2
21.12.2025,20,-2.5
21.12.2025,21,-5.5
21.12.2025,22,-5.7
21.12.2025,23,-4.8
22.12.2025,0,-1.7
22.12.2025,1,-0.6
22.12.2025,2,0.1
22.12.2025,3,1.3
22.12.2025,4,-2.2
22.12.2025,5,3.3
22.12.2025,6,3.5
22.12.2025,7,7.0
22.12.2025,8,7.8
22.12.2025,9,5.9
22.12.2025,10,10.3
22.12.2025,11,8.9
22.12.2025,12,10.0
22.12.2025,13,9.5
22.12.2025,14,9.0
22.12.2025,15,7.8
22.12.2025,16,6.3
22.12.2025,17,8.4
22.12.2025,18,4.8
22.12.2025,19,0.8
22.12.2025,20,-0.5
22.12.2025,21,2.3
22.12.2025,22,-0.4
22.12.2025,23,-2.3
23.12.2025,0,-13.4
23.12.2025,1,-11.9
23.12.2025,2,-13.4
23.12.2025,3,-9.0
23.12.2025,4,-9.0
23.12.2025,5,-5.8
23.12.2025,6,-6.2
23.12.2025,7,-4.7
23.12.2025,8,-2.7
23.12.2025,9,-1.8
23.12.2025,10,0.7
23.12.2025,11,0.6
23.12.2025,12,1.2
23.12.2025,13,-1.4
23.12.2025,14,-1.3
23.12.2025,15,-0.1
23.12.2025,16,-1.6
23.12.2025,17,-7.4
23.12.2025,18,-5.5
23.12.2025,19,-8.8
23.12.2025,20,-13.7
23.12.2025,21,-9.7
23.12.2025,22,-13.9
23.12.2025,23,-13.1
24.12.2025,0,-3.3
24.12.2025,1,-2.6
24.12.2025,2,-2.8
24.12.2025,3,1.4
24.12.2025,4,0.2
24.12.2025,5,1.6
24.12.2025,6,3.5
24.12.2025,7,4.9
24.12.2025,8,8.2
24.12.2025,9,8.5
24.12.2025,10,8.7
24.12.2025,11,9.1
24.12.2025,12,9.6
24.12.2025,13,6.4
24.12.2025,14,11.1
24.12.2025,15,7.8
24.12.2025,16,2.8
24.12.2025,17,4.6
24.12.2025,18,3.3
24.12.2025,19,2.0
24.12.2025,20,0.7
24.12.2025,21,-1.6
24.12.2025,22,-0.2
24.12.2025,23,-2.7
25.12.2025,0,-10.4
25.12.2025,1,-4.3
25.12.2025,2,-8.2
25.12.2025,3,-7.3
25.12.2025,4,-6.1
25.12.2025,5,-4.1
25.12.2025,6,-0.1
25.12.2025,7,1.7
25.12.2025,8,0.0
25.12.2025,9,2.3
25.12.2025,10,6.1
25.12.2025,11,3.0
25.12.2025,12,4.1
25.12.2025,13,1.7
25.12.2025,14,4.8
25.12.2025,15,3.1
25.12.2025,16,-0.5
25.12.2025,17,-0.8
25.12.2025,18,-5.4
25.12.2025,19,-4.1
25.12.2025,20,-7.9
25.12.2025,21,-6.1
25.12.2025,22,-8.7
25.12.2025,23,-7.3
26.12.2025,0,-9.4
26.12.2025,1,-10.4
26.12.2025,2,-11.6
26.12.2025,3,-7.7
26.12.2025,4,-5.0
26.12.2025,5,-4.0
26.12.2025,6,-3.1
26.12.2025,7,-6.3
26.12.2025,8,-1.0
26.12.2025,9,0.9
26.12.2025,10,4.0
26.12.2025,11,2.3
26.12.2025,12,-0.6
26.12.2025,13,2.5
26.12.2025,14,1.6
26.12.2025,15,0.4
26.12.2025,16,0.1
26.12.2025,17,-1.7
26.12.2025,18,-5.9
26.12.2025,19,-7.5
26.12.2025,20,-5.7
26.12.2025,21,-7.5
26.12.2025,22,-8.0
26.12.2025,23,-8.5
27.12.2025,0,-15.1
27.12.2025,1,-13.3
27.12.2025,2,-14.8
27.12.2025,3,-11.2
27.12.2025,4,-12.9
27.12.2025,5,-13.4
27.12.2025,6,-7.8
27.12.2025,7,-5.0
27.12.2025,8,-7.9
27.12.2025,9,-4.5
27.12.2025,10,-6.3
27.12.2025,11,-3.2
27.12.2025,12,-6.7
27.12.2025,13,-4.8
27.12.2025,14,-7.0
27.12.2025,15,-7.1
27.12.2025,16,-4.2
27.12.2025,17,-8.5
27.12.2025,18,-10.6
27.12.2025,19,-10.8
27.12.2025,20,-14.5
27.12.2025,21,-15.0
27.12.2025,22,-15.3
27.12.2025,23,-16.1
28.12.2025,0,-1.6
28.12.2025,1,-2.3
28.12.2025,2,-4.3
28.12.2025,3,-0.8
28.12.2025,4,1.4
28.12.2025,5,4.7
28.12.2025,6,4.7
28.12.2025,7,3.3
28.12.2025,8,8.4
28.12.2025,9,8.3
28.12.2025,10,10.6
28.12.2025,11,9.3
28.12.2025,12,10.5
28.12.2025,13,9.9
28.12.2025,14,10.5
28.12.2025,15,7.5
28.12.2025,16,5.9
28.12.2025,17,5.3
28.12.2025,18,7.4
28.12.2025,19,4.9
28.12.2025,20,1.7
28.12.2025,21,-1.8
28.12.2025,22,-1.6
28.12.2025,23,-1.5
29.12.2025,0,-13.1
29.12.2025,1,-15.0
29.12.2025,2,-15.2
29.12.2025,3,-13.4
29.12.2025,4,-10.0
29.12.2025,5,-10.8
29.12.2025,6,-7.4
29.12.2025,7,-7.9
29.12.2025,8,-4.6
29.12.2025,9,-3.4
29.12.2025,10,-4.0
29.12.2025,11,-1.5
29.12.2025,12,-1.5
29.12.2025,13,-2.7
29.12.2025,14,-3.9
29.12.2025,15,-6.1
29.12.2025,16,-3.8
29.12.2025,17,-9.4
29.12.2025,18,-10.3
29.12.2025,19,-11.1
29.12.2025,20,-10.7
29.12.2025,21,-12.5
29.12.2025,22,-15.9
29.12.2025,23,-15.1
30.12.2025,0,-1.9
30.12.2025,1,-1.2
30.12.2025,2,0.1
30.12.2025,3,1.8
30.12.2025,4,0.0
30.12.2025,5,4.5
30.12.2025,6,5.6
30.12.2025,7,8.0
30.12.2025,8,7.8
30.12.2025,9,7.7
30.12.2025,10,9.2
30.12.2025,11,9.7
30.12.2025,12,10.9
30.12.2025,13,9.4
30.12.2025,14,9.9
30.12.2025,15,9.1
30.12.2025,16,6.5
30.12.2025,17,6.7
30.12.2025,18,6.3
30.12.2025,19,3.1
30.12.2025,20,7.5
30.12.2025,21,2.2
30.12.2025,22,-0.2
30.12.2025,23,-2.8
31.12.2025,0,-10.2
31.12.2025,1,-7.7
31.12.2025,2,-6.6
31.12.2025,3,-1.8
31.12.2025,4,-4.1
31.12.2025,5,-2.7
31.12.2025,6,0.3
31.12.2025,7,0.8
31.12.2025,8,1.2
31.12.2025,9,3.6
31.12.2025,10,4.6
31.12.2025,11,5.2
31.12.2025,12,4.5
31.12.2025,13,4.8
31.12.2025,14,3.2
31.12.2025,15,-0.6
31.12.2025,16,1.8
31.12.2025,17,-0.8
31.12.2025,18,-4.4
31.12.2025,19,-4.1
31.12.2025,20,-2.5
31.12.2025,21,-2.8
31.12.2025,22,-8.1
31.12.2025,23,-3.0
